Test,State,Year, Total, Total Passed, % Passed,Num Black, Black Passed, % Black Passed, % Black,Num Hispanic, Hisp Passed, % Hisp Passed, % Hisp,Num Asian, Asian Passed, % Asian Passed, % Asian,Num White, White Passed, % White Passed, % White,Num PI, PI Passed, % PI Passed, % PI,Num NA, NA Passed, % NA Passed, % NA,Num 2+, 2+ Passed, % 2+ Passed, % 2+,Num Other, Other Passed, % Other Passed, % Other,Fem Total, Fem Passed, % Fem Passed, % Fem,Num Black Fem, Fem Black Passed, % Fem Black Passed, % Fem Black,Num Hispanic Fem, Fem Hisp Passed, % Fem Hisp Passed, % Fem Hisp,Num Asian Fem, Fem Asian Passed, % Fem Asian Passed, % Fem Asian,Num White Fem, Fem White Passed, % Fem White Passed, % Fem White,Num PI Fem, Fem PI Passed, % Fem PI Passed, % Fem PI,Num NA Fem, Fem NA Passed, % Fem NA Passed, % Fem NA,Num 2+ Fem, Fem 2+ Passed, % Fem 2+ Passed, % Fem 2+,Num Other Fem, Fem Other Passed, % Fem Other Passed,% Fem Other,Male Total, Male Passed, % Male Passed, % Male,Num Black Male, Male Black Passed, % Male Black Passed, % Male Black,Num Hispanic Male, Male Hisp Passed, % Male Hisp Passed, % Male Hisp,Num Asian Male, Male Asian Passed, % Male Asian Passed, % Male Asian,Num White Male, Male White Passed, % Male White Passed, % Male White,Num PI Male, Male PI Passed, % Male PI Passed, % Male PI,Num NA Male, Male NA Passed, % Male NA Passed, % Male NA,Num 2+ Male, Male 2+ Passed, % Male 2+ Passed, % Male 2+,Num Other Male, Male Other Passed, % Male Other Passed, % Male Other
CSP,Wyoming,2017,13,12,92.31,0,0,0,0,0,0,0,0,1,0,0,7.69,10,9,90,76.92,0,0,0,0,0,0,0,0,1,0,0,7.69,0,0,0,0,4,0,0,30.77,0,0,0,0,0,0,0,0,0,0,0,0,3,0,0,23.08,0,0,0,0,0,0,0,0,0,0,0,0,0,0,0,0,9,8,88.89,69.23,0,0,0,0,0,0,0,0,1,0,0,7.69,7,6,85.71,53.85,0,0,0,0,0,0,0,0,1,0,0,7.69,0,0,0,0
CSP,Wyoming,2018,27,24,88.89,1,0,0,3.7,2,0,0,7.41,1,0,0,3.7,22,20,90.91,81.48,0,0,0,0,0,0,0,0,1,0,0,3.7,0,0,0,0,9,8,88.89,33.33,0,0,0,0,0,0,0,0,0,0,0,0,9,8,88.89,33.33,0,0,0,0,0,0,0,0,0,0,0,0,0,0,0,0,18,16,88.89,66.67,1,0,0,3.7,2,0,0,7.41,1,0,0,3.7,13,12,92.31,48.15,0,0,0,0,0,0,0,0,1,0,0,3.7,0,0,0,0
CSP,Wyoming,2019,75,56,74.67,0,0,0,0,2,0,0,2.67,2,0,0,2.67,56,44,78.57,74.67,0,0,0,0,0,0,0,0,3,0,0,4,0,0,0,0,25,20,80,33.33,0,0,0,0,1,0,0,1.33,0,0,0,0,21,17,80.95,28,0,0,0,0,0,0,0,0,3,0,0,4,0,0,0,0,50,36,72,66.67,0,0,0,0,1,0,0,1.33,2,0,0,2.67,35,27,77.14,46.67,0,0,0,0,0,0,0,0,0,0,0,0,0,0,0,0
CSP,Wisconsin,2017,464,420,90.52,2,0,0,0.43,21,18,85.71,4.53,39,35,89.74,8.41,381,347,91.08,82.11,0,0,0,0,1,0,0,0.22,12,11,91.67,2.59,0,0,0,0,93,87,93.55,20.04,1,0,0,0.22,5,5,100,1.08,12,12,100,2.59,68,63,92.65,14.66,0,0,0,0,0,0,0,0,4,0,0,0.86,0,0,0,0,371,333,89.76,79.96,1,0,0,0.22,16,13,81.25,3.45,27,23,85.19,5.82,313,284,90.73,67.46,0,0,0,0,1,0,0,0.22,8,7,87.5,1.72,0,0,0,0
CSP,Wisconsin,2018,798,701,87.84,14,7,50,1.75,37,27,72.97,4.64,71,60,84.51,8.9,623,561,90.05,78.07,1,0,0,0.13,1,0,0,0.13,37,32,86.49,4.64,0,0,0,0,154,138,89.61,19.3,1,0,0,0.13,7,5,71.43,0.88,21,18,85.71,2.63,120,110,91.67,15.04,0,0,0,0,0,0,0,0,4,0,0,0.5,0,0,0,0,644,563,87.42,80.7,13,7,53.85,1.63,30,22,73.33,3.76,50,42,84,6.27,503,451,89.66,63.03,1,0,0,0.13,1,0,0,0.13,33,28,84.85,4.14,0,0,0,0
CSP,Wisconsin,2019,1066,872,81.8,23,14,60.87,2.16,90,55,61.11,8.44,101,82,81.19,9.47,781,663,84.89,73.26,1,0,0,0.09,1,0,0,0.09,42,37,88.1,3.94,0,0,0,0,246,200,81.3,23.08,8,6,75,0.75,16,8,50,1.5,32,27,84.38,3,164,138,84.15,15.38,1,0,0,0.09,0,0,0,0,17,16,94.12,1.59,0,0,0,0,820,672,81.95,76.92,15,8,53.33,1.41,74,47,63.51,6.94,69,55,79.71,6.47,617,525,85.09,57.88,0,0,0,0,1,0,0,0.09,25,21,84,2.35,0,0,0,0
CSP,West Virginia,2017,118,91,77.12,2,0,0,1.69,5,3,60,4.24,13,11,84.62,11.02,93,70,75.27,78.81,0,0,0,0,0,0,0,0,5,5,100,4.24,0,0,0,0,45,32,71.11,38.14,1,0,0,0.85,2,0,0,1.69,10,8,80,8.47,30,21,70,25.42,0,0,0,0,0,0,0,0,2,0,0,1.69,0,0,0,0,73,59,80.82,61.86,1,0,0,0.85,3,0,0,2.54,3,0,0,2.54,63,49,77.78,53.39,0,0,0,0,0,0,0,0,3,0,0,2.54,0,0,0,0
CSP,West Virginia,2018,154,106,68.83,1,0,0,0.65,2,0,0,1.3,14,13,92.86,9.09,123,83,67.48,79.87,0,0,0,0,0,0,0,0,9,8,88.89,5.84,0,0,0,0,51,36,70.59,33.12,1,0,0,0.65,1,0,0,0.65,6,6,100,3.9,40,29,72.5,25.97,0,0,0,0,0,0,0,0,1,0,0,0.65,0,0,0,0,103,70,67.96,66.88,0,0,0,0,1,0,0,0.65,8,7,87.5,5.19,83,54,65.06,53.9,0,0,0,0,0,0,0,0,8,7,87.5,5.19,0,0,0,0
CSP,West Virginia,2019,243,157,64.61,5,4,80,2.06,6,3,50,2.47,20,18,90,8.23,198,121,61.11,81.48,0,0,0,0,1,0,0,0.41,13,10,76.92,5.35,0,0,0,0,88,57,64.77,36.21,4,0,0,1.65,4,0,0,1.65,10,9,90,4.12,63,36,57.14,25.93,0,0,0,0,0,0,0,0,7,6,85.71,2.88,0,0,0,0,155,100,64.52,63.79,1,0,0,0.41,2,0,0,0.82,10,9,90,4.12,135,85,62.96,55.56,0,0,0,0,1,0,0,0.41,6,4,66.67,2.47,0,0,0,0
CSP,Washington,2017,737,563,76.39,22,11,50,2.99,80,45,56.25,10.85,182,151,82.97,24.69,376,297,78.99,51.02,5,2,40,0.68,2,0,0,0.27,61,50,81.97,8.28,0,0,0,0,195,147,75.38,26.46,10,3,30,1.36,19,10,52.63,2.58,68,61,89.71,9.23,78,60,76.92,10.58,0,0,0,0,0,0,0,0,19,12,63.16,2.58,0,0,0,0,542,416,76.75,73.54,12,8,66.67,1.63,61,35,57.38,8.28,114,90,78.95,15.47,298,237,79.53,40.43,5,2,40,0.68,2,0,0,0.27,42,38,90.48,5.7,0,0,0,0
CSP,Washington,2018,982,722,73.52,28,14,50,2.85,128,70,54.69,13.03,216,168,77.78,22,509,397,78,51.83,2,0,0,0.2,4,0,0,0.41,74,59,79.73,7.54,0,0,0,0,266,187,70.3,27.09,10,4,40,1.02,31,15,48.39,3.16,77,59,76.62,7.84,129,98,75.97,13.14,0,0,0,0,0,0,0,0,14,10,71.43,1.43,0,0,0,0,716,535,74.72,72.91,18,10,55.56,1.83,97,55,56.7,9.88,139,109,78.42,14.15,380,299,78.68,38.7,2,0,0,0.2,4,0,0,0.41,60,49,81.67,6.11,0,0,0,0
CSP,Washington,2019,1411,1092,77.39,39,16,41.03,2.76,127,72,56.69,9,400,339,84.75,28.35,666,526,78.98,47.2,7,5,71.43,0.5,4,0,0,0.28,111,89,80.18,7.87,0,0,0,0,402,315,78.36,28.49,16,4,25,1.13,42,21,50,2.98,139,118,84.89,9.85,148,127,85.81,10.49,2,0,0,0.14,1,0,0,0.07,35,28,80,2.48,0,0,0,0,1009,777,77.01,71.51,23,12,52.17,1.63,85,51,60,6.02,261,221,84.67,18.5,518,399,77.03,36.71,5,3,60,0.35,3,0,0,0.21,76,61,80.26,5.39,0,0,0,0
CSP,Virginia,2017,1134,905,79.81,107,67,62.62,9.44,98,72,73.47,8.64,234,202,86.32,20.63,608,494,81.25,53.62,1,0,0,0.09,2,0,0,0.18,67,57,85.07,5.91,0,0,0,0,356,292,82.02,31.39,39,24,61.54,3.44,26,20,76.92,2.29,88,77,87.5,7.76,177,150,84.75,15.61,0,0,0,0,0,0,0,0,20,17,85,1.76,0,0,0,0,778,613,78.79,68.61,68,43,63.24,6,72,52,72.22,6.35,146,125,85.62,12.87,431,344,79.81,38.01,1,0,0,0.09,2,0,0,0.18,47,40,85.11,4.14,0,0,0,0
CSP,Virginia,2018,1802,1402,77.8,139,71,51.08,7.71,151,106,70.2,8.38,472,389,82.42,26.19,848,691,81.49,47.06,4,0,0,0.22,1,0,0,0.06,132,102,77.27,7.33,0,0,0,0,534,423,79.21,29.63,47,23,48.94,2.61,43,29,67.44,2.39,158,136,86.08,8.77,218,183,83.94,12.1,1,0,0,0.06,1,0,0,0.06,54,41,75.93,3,0,0,0,0,1268,979,77.21,70.37,92,48,52.17,5.11,108,77,71.3,5.99,314,253,80.57,17.43,630,508,80.63,34.96,3,0,0,0.17,0,0,0,0,78,61,78.21,4.33,0,0,0,0
CSP,Virginia,2019,2246,1673,74.49,234,98,41.88,10.42,219,155,70.78,9.75,523,421,80.5,23.29,1085,865,79.72,48.31,2,0,0,0.09,4,0,0,0.18,119,94,78.99,5.3,0,0,0,0,714,529,74.09,31.79,94,37,39.36,4.19,65,47,72.31,2.89,202,172,85.15,8.99,303,232,76.57,13.49,0,0,0,0,1,0,0,0.04,28,23,82.14,1.25,0,0,0,0,1532,1144,74.67,68.21,140,61,43.57,6.23,154,108,70.13,6.86,321,249,77.57,14.29,782,633,80.95,34.82,2,0,0,0.09,3,0,0,0.13,91,71,78.02,4.05,0,0,0,0
CSP,Vermont,2017,62,55,88.71,0,0,0,0,3,0,0,4.84,8,7,87.5,12.9,45,41,91.11,72.58,0,0,0,0,0,0,0,0,4,0,0,6.45,0,0,0,0,19,17,89.47,30.65,0,0,0,0,1,0,0,1.61,3,0,0,4.84,12,11,91.67,19.35,0,0,0,0,0,0,0,0,3,0,0,4.84,0,0,0,0,43,38,88.37,69.35,0,0,0,0,2,0,0,3.23,5,5,100,8.06,33,30,90.91,53.23,0,0,0,0,0,0,0,0,1,0,0,1.61,0,0,0,0
CSP,Vermont,2018,47,41,87.23,1,0,0,2.13,1,0,0,2.13,9,8,88.89,19.15,36,32,88.89,76.6,0,0,0,0,0,0,0,0,0,0,0,0,0,0,0,0,7,6,85.71,14.89,0,0,0,0,0,0,0,0,1,0,0,2.13,6,5,83.33,12.77,0,0,0,0,0,0,0,0,0,0,0,0,0,0,0,0,40,35,87.5,85.11,1,0,0,2.13,1,0,0,2.13,8,7,87.5,17.02,30,27,90,63.83,0,0,0,0,0,0,0,0,0,0,0,0,0,0,0,0
CSP,Vermont,2019,44,36,81.82,0,0,0,0,1,0,0,2.27,4,0,0,9.09,39,32,82.05,88.64,0,0,0,0,0,0,0,0,0,0,0,0,0,0,0,0,11,9,81.82,25,0,0,0,0,0,0,0,0,2,0,0,4.55,9,8,88.89,20.45,0,0,0,0,0,0,0,0,0,0,0,0,0,0,0,0,33,27,81.82,75,0,0,0,0,1,0,0,2.27,2,0,0,4.55,30,24,80,68.18,0,0,0,0,0,0,0,0,0,0,0,0,0,0,0,0
CSP,Utah,2017,172,149,86.63,0,0,0,0,10,8,80,5.81,7,5,71.43,4.07,139,124,89.21,80.81,1,0,0,0.58,1,0,0,0.58,6,5,83.33,3.49,0,0,0,0,29,21,72.41,16.86,0,0,0,0,4,0,0,2.33,3,0,0,1.74,18,14,77.78,10.47,0,0,0,0,0,0,0,0,0,0,0,0,0,0,0,0,143,128,89.51,83.14,0,0,0,0,6,6,100,3.49,4,0,0,2.33,121,110,90.91,70.35,1,0,0,0.58,1,0,0,0.58,6,5,83.33,3.49,0,0,0,0
CSP,Utah,2018,256,186,72.66,4,0,0,1.56,53,22,41.51,20.7,31,22,70.97,12.11,153,130,84.97,59.77,1,0,0,0.39,1,0,0,0.39,7,6,85.71,2.73,0,0,0,0,69,44,63.77,26.95,3,0,0,1.17,16,5,31.25,6.25,14,11,78.57,5.47,30,24,80,11.72,1,0,0,0.39,1,0,0,0.39,2,0,0,0.78,0,0,0,0,187,142,75.94,73.05,1,0,0,0.39,37,17,45.95,14.45,17,11,64.71,6.64,123,106,86.18,48.05,0,0,0,0,0,0,0,0,5,5,100,1.95,0,0,0,0
CSP,Utah,2019,387,311,80.36,9,3,33.33,2.33,46,28,60.87,11.89,30,29,96.67,7.75,273,230,84.25,70.54,1,0,0,0.26,2,0,0,0.52,19,16,84.21,4.91,0,0,0,0,102,83,81.37,26.36,3,0,0,0.78,13,6,46.15,3.36,16,16,100,4.13,59,50,84.75,15.25,0,0,0,0,1,0,0,0.26,8,7,87.5,2.07,0,0,0,0,285,228,80,73.64,6,1,16.67,1.55,33,22,66.67,8.53,14,13,92.86,3.62,214,180,84.11,55.3,1,0,0,0.26,1,0,0,0.26,11,9,81.82,2.84,0,0,0,0
CSP,Texas,2017,2299,1651,71.81,125,59,47.2,5.44,919,506,55.06,39.97,415,376,90.6,18.05,706,600,84.99,30.71,2,0,0,0.09,4,0,0,0.17,89,75,84.27,3.87,0,0,0,0,749,491,65.55,32.58,43,18,41.86,1.87,333,160,48.05,14.48,150,129,86,6.52,184,154,83.7,8,1,0,0,0.04,1,0,0,0.04,25,20,80,1.09,0,0,0,0,1550,1160,74.84,67.42,82,41,50,3.57,586,346,59.04,25.49,265,247,93.21,11.53,522,446,85.44,22.71,1,0,0,0.04,3,0,0,0.13,64,55,85.94,2.78,0,0,0,0
CSP,Texas,2018,4831,3483,72.1,254,120,47.24,5.26,1526,796,52.16,31.59,1325,1163,87.77,27.43,1463,1203,82.23,30.28,3,0,0,0.06,12,10,83.33,0.25,158,130,82.28,3.27,0,0,0,0,1495,1062,71.04,30.95,96,47,48.96,1.99,488,219,44.88,10.1,496,437,88.1,10.27,342,298,87.13,7.08,0,0,0,0,6,6,100,0.12,47,44,93.62,0.97,0,0,0,0,3336,2421,72.57,69.05,158,73,46.2,3.27,1038,577,55.59,21.49,829,726,87.58,17.16,1121,905,80.73,23.2,3,0,0,0.06,6,4,66.67,0.12,111,86,77.48,2.3,0,0,0,0
CSP,Texas,2019,5844,4300,73.58,246,129,52.44,4.21,1850,1003,54.22,31.66,1666,1482,88.96,28.51,1717,1404,81.77,29.38,5,4,80,0.09,9,4,44.44,0.15,233,192,82.4,3.99,0,0,0,0,1873,1363,72.77,32.05,93,52,55.91,1.59,623,303,48.64,10.66,581,523,90.02,9.94,468,395,84.4,8.01,1,0,0,0.02,0,0,0,0,72,64,88.89,1.23,0,0,0,0,3971,2937,73.96,67.95,153,77,50.33,2.62,1227,700,57.05,21,1085,959,88.39,18.57,1249,1009,80.78,21.37,4,0,0,0.07,9,4,44.44,0.15,161,128,79.5,2.75,0,0,0,0
CSP,Tennessee,2017,578,400,69.2,116,36,31.03,20.07,41,24,58.54,7.09,85,68,80,14.71,307,251,81.76,53.11,0,0,0,0,0,0,0,0,19,14,73.68,3.29,0,0,0,0,175,101,57.71,30.28,56,17,30.36,9.69,12,4,33.33,2.08,29,22,75.86,5.02,69,54,78.26,11.94,0,0,0,0,0,0,0,0,6,2,33.33,1.04,0,0,0,0,403,299,74.19,69.72,60,19,31.67,10.38,29,20,68.97,5.02,56,46,82.14,9.69,238,197,82.77,41.18,0,0,0,0,0,0,0,0,13,12,92.31,2.25,0,0,0,0
CSP,Tennessee,2018,845,520,61.54,137,28,20.44,16.21,89,32,35.96,10.53,144,119,82.64,17.04,427,319,74.71,50.53,1,0,0,0.12,1,0,0,0.12,29,18,62.07,3.43,0,0,0,0,280,163,58.21,33.14,67,11,16.42,7.93,36,16,44.44,4.26,59,51,86.44,6.98,109,82,75.23,12.9,0,0,0,0,0,0,0,0,5,3,60,0.59,0,0,0,0,565,357,63.19,66.86,70,17,24.29,8.28,53,16,30.19,6.27,85,68,80,10.06,318,237,74.53,37.63,1,0,0,0.12,1,0,0,0.12,24,15,62.5,2.84,0,0,0,0
CSP,Tennessee,2019,1105,724,65.52,185,57,30.81,16.74,96,53,55.21,8.69,155,124,80,14.03,588,447,76.02,53.21,0,0,0,0,2,0,0,0.18,53,29,54.72,4.8,0,0,0,0,326,198,60.74,29.5,82,25,30.49,7.42,31,14,45.16,2.81,63,52,82.54,5.7,124,97,78.23,11.22,0,0,0,0,0,0,0,0,22,9,40.91,1.99,0,0,0,0,779,526,67.52,70.5,103,32,31.07,9.32,65,39,60,5.88,92,72,78.26,8.33,464,350,75.43,41.99,0,0,0,0,2,0,0,0.18,31,20,64.52,2.81,0,0,0,0
CSP,South Dakota,2017,19,17,89.47,0,0,0,0,0,0,0,0,2,0,0,10.53,17,15,88.24,89.47,0,0,0,0,0,0,0,0,0,0,0,0,0,0,0,0,0,0,0,0,0,0,0,0,0,0,0,0,0,0,0,0,0,0,0,0,0,0,0,0,0,0,0,0,0,0,0,0,0,0,0,0,19,17,89.47,100,0,0,0,0,0,0,0,0,2,0,0,10.53,17,15,88.24,89.47,0,0,0,0,0,0,0,0,0,0,0,0,0,0,0,0
CSP,South Dakota,2018,17,15,88.24,0,0,0,0,3,0,0,17.65,2,0,0,11.76,11,10,90.91,64.71,0,0,0,0,0,0,0,0,1,0,0,5.88,0,0,0,0,4,0,0,23.53,0,0,0,0,1,0,0,5.88,1,0,0,5.88,2,0,0,11.76,0,0,0,0,0,0,0,0,0,0,0,0,0,0,0,0,13,12,92.31,76.47,0,0,0,0,2,0,0,11.76,1,0,0,5.88,9,8,88.89,52.94,0,0,0,0,0,0,0,0,1,0,0,5.88,0,0,0,0
CSP,South Dakota,2019,32,28,87.5,1,0,0,3.12,2,0,0,6.25,2,0,0,6.25,26,24,92.31,81.25,0,0,0,0,1,0,0,3.12,0,0,0,0,0,0,0,0,6,6,100,18.75,0,0,0,0,0,0,0,0,0,0,0,0,6,6,100,18.75,0,0,0,0,0,0,0,0,0,0,0,0,0,0,0,0,26,22,84.62,81.25,1,0,0,3.12,2,0,0,6.25,2,0,0,6.25,20,18,90,62.5,0,0,0,0,1,0,0,3.12,0,0,0,0,0,0,0,0
CSP,South Carolina,2017,333,273,81.98,23,5,21.74,6.91,21,17,80.95,6.31,21,21,100,6.31,243,210,86.42,72.97,0,0,0,0,2,0,0,0.6,20,15,75,6.01,1,0,0,0.3,94,70,74.47,28.23,14,5,35.71,4.2,6,3,50,1.8,3,0,0,0.9,64,52,81.25,19.22,0,0,0,0,1,0,0,0.3,5,5,100,1.5,1,0,0,0.3,239,203,84.94,71.77,9,0,0,2.7,15,14,93.33,4.5,18,18,100,5.41,179,158,88.27,53.75,0,0,0,0,1,0,0,0.3,15,10,66.67,4.5,0,0,0,0
CSP,South Carolina,2018,665,452,67.97,101,40,39.6,15.19,67,35,52.24,10.08,40,34,85,6.02,408,313,76.72,61.35,0,0,0,0,1,0,0,0.15,37,23,62.16,5.56,0,0,0,0,217,139,64.06,32.63,59,22,37.29,8.87,24,11,45.83,3.61,16,15,93.75,2.41,104,82,78.85,15.64,0,0,0,0,0,0,0,0,13,9,69.23,1.95,0,0,0,0,448,313,69.87,67.37,42,18,42.86,6.32,43,24,55.81,6.47,24,19,79.17,3.61,304,231,75.99,45.71,0,0,0,0,1,0,0,0.15,24,14,58.33,3.61,0,0,0,0
CSP,South Carolina,2019,1050,725,69.05,112,47,41.96,10.67,101,48,47.52,9.62,79,66,83.54,7.52,685,516,75.33,65.24,0,0,0,0,8,3,37.5,0.76,50,35,70,4.76,0,0,0,0,356,233,65.45,33.9,42,17,40.48,4,41,18,43.9,3.9,25,21,84,2.38,225,164,72.89,21.43,0,0,0,0,2,0,0,0.19,16,10,62.5,1.52,0,0,0,0,694,492,70.89,66.1,70,30,42.86,6.67,60,30,50,5.71,54,45,83.33,5.14,460,352,76.52,43.81,0,0,0,0,6,3,50,0.57,34,25,73.53,3.24,0,0,0,0
CSP,Rhode Island,2017,191,147,76.96,3,0,0,1.57,12,5,41.67,6.28,18,15,83.33,9.42,145,114,78.62,75.92,1,0,0,0.52,0,0,0,0,9,8,88.89,4.71,0,0,0,0,46,40,86.96,24.08,1,0,0,0.52,4,0,0,2.09,10,10,100,5.24,27,24,88.89,14.14,0,0,0,0,0,0,0,0,2,0,0,1.05,0,0,0,0,145,107,73.79,75.92,2,0,0,1.05,8,3,37.5,4.19,8,5,62.5,4.19,118,90,76.27,61.78,1,0,0,0.52,0,0,0,0,7,6,85.71,3.66,0,0,0,0
CSP,Rhode Island,2018,359,210,58.5,17,4,23.53,4.74,54,18,33.33,15.04,34,19,55.88,9.47,226,154,68.14,62.95,0,0,0,0,0,0,0,0,13,9,69.23,3.62,0,0,0,0,107,55,51.4,29.81,6,0,0,1.67,17,5,29.41,4.74,13,8,61.54,3.62,66,41,62.12,18.38,0,0,0,0,0,0,0,0,3,0,0,0.84,0,0,0,0,252,155,61.51,70.19,11,4,36.36,3.06,37,13,35.14,10.31,21,11,52.38,5.85,160,113,70.62,44.57,0,0,0,0,0,0,0,0,10,8,80,2.79,0,0,0,0
CSP,Rhode Island,2019,515,291,56.5,34,5,14.71,6.6,99,32,32.32,19.22,43,25,58.14,8.35,311,214,68.81,60.39,1,0,0,0.19,1,0,0,0.19,18,10,55.56,3.5,0,0,0,0,167,76,45.51,32.43,14,1,7.14,2.72,42,11,26.19,8.16,18,9,50,3.5,82,50,60.98,15.92,0,0,0,0,0,0,0,0,8,4,50,1.55,0,0,0,0,348,215,61.78,67.57,20,4,20,3.88,57,21,36.84,11.07,25,16,64,4.85,229,164,71.62,44.47,1,0,0,0.19,1,0,0,0.19,10,6,60,1.94,0,0,0,0
CSP,Pennsylvania,2017,1106,904,81.74,36,19,52.78,3.25,55,40,72.73,4.97,118,103,87.29,10.67,837,691,82.56,75.68,0,0,0,0,1,0,0,0.09,40,33,82.5,3.62,0,0,0,0,308,238,77.27,27.85,22,11,50,1.99,13,12,92.31,1.18,36,30,83.33,3.25,217,169,77.88,19.62,0,0,0,0,0,0,0,0,16,13,81.25,1.45,0,0,0,0,798,666,83.46,72.15,14,8,57.14,1.27,42,28,66.67,3.8,82,73,89.02,7.41,620,522,84.19,56.06,0,0,0,0,1,0,0,0.09,24,20,83.33,2.17,0,0,0,0
CSP,Pennsylvania,2018,1860,1578,84.84,53,33,62.26,2.85,89,59,66.29,4.78,274,243,88.69,14.73,1333,1160,87.02,71.67,3,0,0,0.16,5,3,60,0.27,48,39,81.25,2.58,0,0,0,0,516,426,82.56,27.74,20,10,50,1.08,24,14,58.33,1.29,85,72,84.71,4.57,357,311,87.11,19.19,1,0,0,0.05,2,0,0,0.11,15,10,66.67,0.81,0,0,0,0,1344,1152,85.71,72.26,33,23,69.7,1.77,65,45,69.23,3.49,189,171,90.48,10.16,976,849,86.99,52.47,2,0,0,0.11,3,0,0,0.16,33,29,87.88,1.77,0,0,0,0
CSP,Pennsylvania,2019,3050,2396,78.56,151,61,40.4,4.95,165,102,61.82,5.41,525,450,85.71,17.21,2024,1639,80.98,66.36,4,0,0,0.13,7,5,71.43,0.23,117,96,82.05,3.84,0,0,0,0,905,696,76.91,29.67,61,20,32.79,2,53,30,56.6,1.74,180,161,89.44,5.9,541,432,79.85,17.74,2,0,0,0.07,1,0,0,0.03,48,38,79.17,1.57,0,0,0,0,2145,1700,79.25,70.33,90,41,45.56,2.95,112,72,64.29,3.67,345,289,83.77,11.31,1483,1207,81.39,48.62,2,0,0,0.07,6,4,66.67,0.2,69,58,84.06,2.26,0,0,0,0
CSP,Oregon,2017,153,117,76.47,0,0,0,0,8,6,75,5.23,27,23,85.19,17.65,100,72,72,65.36,0,0,0,0,2,0,0,1.31,15,15,100,9.8,0,0,0,0,39,24,61.54,25.49,0,0,0,0,3,0,0,1.96,5,5,100,3.27,28,15,53.57,18.3,0,0,0,0,1,0,0,0.65,2,0,0,1.31,0,0,0,0,114,93,81.58,74.51,0,0,0,0,5,4,80,3.27,22,18,81.82,14.38,72,57,79.17,47.06,0,0,0,0,1,0,0,0.65,13,13,100,8.5,0,0,0,0
CSP,Oregon,2018,456,309,67.76,5,1,20,1.1,34,16,47.06,7.46,88,77,87.5,19.3,285,188,65.96,62.5,2,0,0,0.44,4,0,0,0.88,24,18,75,5.26,0,0,0,0,116,60,51.72,25.44,2,0,0,0.44,9,4,44.44,1.97,26,23,88.46,5.7,68,29,42.65,14.91,1,0,0,0.22,0,0,0,0,5,3,60,1.1,0,0,0,0,340,249,73.24,74.56,3,0,0,0.66,25,12,48,5.48,62,54,87.1,13.6,217,159,73.27,47.59,1,0,0,0.22,4,0,0,0.88,19,15,78.95,4.17,0,0,0,0
CSP,Oregon,2019,419,296,70.64,5,1,20,1.19,48,27,56.25,11.46,64,53,82.81,15.27,253,185,73.12,60.38,2,0,0,0.48,3,0,0,0.72,29,17,58.62,6.92,0,0,0,0,114,61,53.51,27.21,1,0,0,0.24,10,1,10,2.39,21,16,76.19,5.01,68,38,55.88,16.23,1,0,0,0.24,0,0,0,0,9,3,33.33,2.15,0,0,0,0,305,235,77.05,72.79,4,0,0,0.95,38,26,68.42,9.07,43,37,86.05,10.26,185,147,79.46,44.15,1,0,0,0.24,3,0,0,0.72,20,14,70,4.77,0,0,0,0
CSP,Oklahoma,2017,183,147,80.33,8,3,37.5,4.37,16,10,62.5,8.74,15,13,86.67,8.2,117,102,87.18,63.93,0,0,0,0,4,0,0,2.19,17,14,82.35,9.29,0,0,0,0,33,21,63.64,18.03,3,0,0,1.64,4,0,0,2.19,1,0,0,0.55,17,12,70.59,9.29,0,0,0,0,2,0,0,1.09,4,0,0,2.19,0,0,0,0,150,126,84,81.97,5,2,40,2.73,12,8,66.67,6.56,14,12,85.71,7.65,100,90,90,54.64,0,0,0,0,2,0,0,1.09,13,10,76.92,7.1,0,0,0,0
CSP,Oklahoma,2018,297,167,56.23,16,6,37.5,5.39,47,3,6.38,15.82,36,26,72.22,12.12,162,110,67.9,54.55,0,0,0,0,7,4,57.14,2.36,23,15,65.22,7.74,0,0,0,0,74,40,54.05,24.92,4,0,0,1.35,17,0,0,5.72,10,6,60,3.37,29,24,82.76,9.76,0,0,0,0,5,3,60,1.68,5,4,80,1.68,0,0,0,0,223,127,56.95,75.08,12,5,41.67,4.04,30,3,10,10.1,26,20,76.92,8.75,133,86,64.66,44.78,0,0,0,0,2,0,0,0.67,18,11,61.11,6.06,0,0,0,0
CSP,Oklahoma,2019,394,273,69.29,4,0,0,1.02,49,22,44.9,12.44,47,34,72.34,11.93,237,175,73.84,60.15,0,0,0,0,16,8,50,4.06,31,26,83.87,7.87,0,0,0,0,109,70,64.22,27.66,0,0,0,0,16,9,56.25,4.06,9,4,44.44,2.28,66,46,69.7,16.75,0,0,0,0,4,0,0,1.02,10,8,80,2.54,0,0,0,0,285,203,71.23,72.34,4,0,0,1.02,33,13,39.39,8.38,38,30,78.95,9.64,171,129,75.44,43.4,0,0,0,0,12,7,58.33,3.05,21,18,85.71,5.33,0,0,0,0
CSP,Ohio,2017,915,735,80.33,46,19,41.3,5.03,33,19,57.58,3.61,102,81,79.41,11.15,670,562,83.88,73.22,0,0,0,0,1,0,0,0.11,49,42,85.71,5.36,0,0,0,0,274,211,77.01,29.95,17,6,35.29,1.86,14,8,57.14,1.53,49,40,81.63,5.36,178,143,80.34,19.45,0,0,0,0,0,0,0,0,14,12,85.71,1.53,0,0,0,0,641,524,81.75,70.05,29,13,44.83,3.17,19,11,57.89,2.08,53,41,77.36,5.79,492,419,85.16,53.77,0,0,0,0,1,0,0,0.11,35,30,85.71,3.83,0,0,0,0
CSP,Ohio,2018,1413,1030,72.89,129,53,41.09,9.13,72,44,61.11,5.1,165,132,80,11.68,952,739,77.63,67.37,3,0,0,0.21,3,0,0,0.21,59,40,67.8,4.18,0,0,0,0,359,250,69.64,25.41,47,16,34.04,3.33,17,8,47.06,1.2,46,39,84.78,3.26,223,172,77.13,15.78,0,0,0,0,0,0,0,0,18,10,55.56,1.27,0,0,0,0,1054,780,74,74.59,82,37,45.12,5.8,55,36,65.45,3.89,119,93,78.15,8.42,729,567,77.78,51.59,3,0,0,0.21,3,0,0,0.21,41,30,73.17,2.9,0,0,0,0
CSP,Ohio,2019,2191,1607,73.35,199,64,32.16,9.08,115,59,51.3,5.25,266,215,80.83,12.14,1472,1167,79.28,67.18,3,0,0,0.14,1,0,0,0.05,88,67,76.14,4.02,0,0,0,0,627,434,69.22,28.62,78,20,25.64,3.56,40,16,40,1.83,97,80,82.47,4.43,366,287,78.42,16.7,2,0,0,0.09,1,0,0,0.05,31,20,64.52,1.41,0,0,0,0,1564,1173,75,71.38,121,44,36.36,5.52,75,43,57.33,3.42,169,135,79.88,7.71,1106,880,79.57,50.48,1,0,0,0.05,0,0,0,0,57,47,82.46,2.6,0,0,0,0
CSP,North Dakota,2017,56,46,82.14,1,0,0,1.79,3,0,0,5.36,0,0,0,0,50,42,84,89.29,0,0,0,0,1,0,0,1.79,1,0,0,1.79,0,0,0,0,10,8,80,17.86,0,0,0,0,1,0,0,1.79,0,0,0,0,7,6,85.71,12.5,0,0,0,0,1,0,0,1.79,1,0,0,1.79,0,0,0,0,46,38,82.61,82.14,1,0,0,1.79,2,0,0,3.57,0,0,0,0,43,36,83.72,76.79,0,0,0,0,0,0,0,0,0,0,0,0,0,0,0,0
CSP,North Dakota,2018,15,13,86.67,0,0,0,0,0,0,0,0,0,0,0,0,14,12,85.71,93.33,0,0,0,0,1,0,0,6.67,0,0,0,0,0,0,0,0,1,0,0,6.67,0,0,0,0,0,0,0,0,0,0,0,0,1,0,0,6.67,0,0,0,0,0,0,0,0,0,0,0,0,0,0,0,0,14,12,85.71,93.33,0,0,0,0,0,0,0,0,0,0,0,0,13,11,84.62,86.67,0,0,0,0,1,0,0,6.67,0,0,0,0,0,0,0,0
CSP,North Dakota,2019,50,38,76,2,0,0,4,5,2,40,10,2,0,0,4,37,29,78.38,74,0,0,0,0,0,0,0,0,1,0,0,2,0,0,0,0,12,7,58.33,24,0,0,0,0,1,0,0,2,1,0,0,2,10,6,60,20,0,0,0,0,0,0,0,0,0,0,0,0,0,0,0,0,38,31,81.58,76,2,0,0,4,4,0,0,8,1,0,0,2,27,23,85.19,54,0,0,0,0,0,0,0,0,1,0,0,2,0,0,0,0
CSP,North Carolina,2017,976,756,77.46,72,26,36.11,7.38,74,43,58.11,7.58,111,101,90.99,11.37,658,541,82.22,67.42,1,0,0,0.1,1,0,0,0.1,44,29,65.91,4.51,0,0,0,0,241,174,72.2,24.69,19,7,36.84,1.95,22,13,59.09,2.25,26,23,88.46,2.66,152,115,75.66,15.57,0,0,0,0,1,0,0,0.1,16,10,62.5,1.64,0,0,0,0,735,582,79.18,75.31,53,19,35.85,5.43,52,30,57.69,5.33,85,78,91.76,8.71,506,426,84.19,51.84,1,0,0,0.1,0,0,0,0,28,19,67.86,2.87,0,0,0,0
CSP,North Carolina,2018,1986,1479,74.47,144,61,42.36,7.25,143,89,62.24,7.2,412,351,85.19,20.75,1148,866,75.44,57.8,2,0,0,0.1,4,0,0,0.2,83,64,77.11,4.18,0,0,0,0,621,468,75.36,31.27,57,26,45.61,2.87,45,25,55.56,2.27,151,130,86.09,7.6,328,255,77.74,16.52,1,0,0,0.05,3,0,0,0.15,24,18,75,1.21,0,0,0,0,1365,1011,74.07,68.73,87,35,40.23,4.38,98,64,65.31,4.93,261,221,84.67,13.14,820,611,74.51,41.29,1,0,0,0.05,1,0,0,0.05,59,46,77.97,2.97,0,0,0,0
CSP,North Carolina,2019,3138,2249,71.67,258,97,37.6,8.22,330,182,55.15,10.52,588,471,80.1,18.74,1736,1340,77.19,55.32,4,0,0,0.13,8,4,50,0.25,129,92,71.32,4.11,0,0,0,0,930,643,69.14,29.64,98,32,32.65,3.12,91,51,56.04,2.9,212,166,78.3,6.76,463,349,75.38,14.75,0,0,0,0,2,0,0,0.06,38,28,73.68,1.21,0,0,0,0,2208,1606,72.74,70.36,160,65,40.62,5.1,239,131,54.81,7.62,376,305,81.12,11.98,1273,991,77.85,40.57,4,0,0,0.13,6,3,50,0.19,91,64,70.33,2.9,0,0,0,0
CSP,New York,2017,4302,3277,76.17,437,196,44.85,10.16,797,459,57.59,18.53,1480,1263,85.34,34.4,1361,1180,86.7,31.64,8,3,37.5,0.19,13,9,69.23,0.3,119,104,87.39,2.77,3,0,0,0.07,1625,1170,72,37.77,197,87,44.16,4.58,318,162,50.94,7.39,616,521,84.58,14.32,421,351,83.37,9.79,3,0,0,0.07,2,0,0,0.05,41,32,78.05,0.95,1,0,0,0.02,2677,2107,78.71,62.23,240,109,45.42,5.58,479,297,62,11.13,864,742,85.88,20.08,940,829,88.19,21.85,5,3,60,0.12,11,7,63.64,0.26,78,72,92.31,1.81,2,0,0,0.05
CSP,New York,2018,5950,4105,68.99,758,299,39.45,12.74,1168,583,49.91,19.63,1736,1413,81.39,29.18,1874,1548,82.6,31.5,19,7,36.84,0.32,16,4,25,0.27,175,138,78.86,2.94,1,0,0,0.02,2395,1578,65.89,40.25,345,150,43.48,5.8,499,218,43.69,8.39,717,574,80.06,12.05,664,533,80.27,11.16,10,4,40,0.17,6,2,33.33,0.1,66,51,77.27,1.11,0,0,0,0,3555,2527,71.08,59.75,413,149,36.08,6.94,669,365,54.56,11.24,1019,839,82.34,17.13,1210,1015,83.88,20.34,9,3,33.33,0.15,10,2,20,0.17,109,87,79.82,1.83,1,0,0,0.02
CSP,New York,2019,7553,5239,69.36,886,345,38.94,11.73,1416,714,50.42,18.75,2088,1682,80.56,27.64,2647,2157,81.49,35.05,9,5,55.56,0.12,24,6,25,0.32,224,168,75,2.97,0,0,0,0,3030,1984,65.48,40.12,412,160,38.83,5.45,626,277,44.25,8.29,878,701,79.84,11.62,910,724,79.56,12.05,2,0,0,0.03,9,2,22.22,0.12,100,69,69,1.32,0,0,0,0,4523,3255,71.97,59.88,474,185,39.03,6.28,790,437,55.32,10.46,1210,981,81.07,16.02,1737,1433,82.5,23,7,4,57.14,0.09,15,4,26.67,0.2,124,99,79.84,1.64,0,0,0,0
CSP,New Mexico,2017,95,70,73.68,0,0,0,0,48,37,77.08,50.53,13,8,61.54,13.68,30,23,76.67,31.58,0,0,0,0,1,0,0,1.05,3,0,0,3.16,0,0,0,0,30,23,76.67,31.58,0,0,0,0,17,13,76.47,17.89,5,3,60,5.26,8,7,87.5,8.42,0,0,0,0,0,0,0,0,0,0,0,0,0,0,0,0,65,47,72.31,68.42,0,0,0,0,31,24,77.42,32.63,8,5,62.5,8.42,22,16,72.73,23.16,0,0,0,0,1,0,0,1.05,3,0,0,3.16,0,0,0,0
CSP,New Mexico,2018,102,71,69.61,1,0,0,0.98,44,29,65.91,43.14,6,5,83.33,5.88,30,24,80,29.41,0,0,0,0,12,5,41.67,11.76,8,6,75,7.84,0,0,0,0,25,16,64,24.51,0,0,0,0,8,3,37.5,7.84,2,0,0,1.96,5,5,100,4.9,0,0,0,0,5,2,40,4.9,4,0,0,3.92,0,0,0,0,77,55,71.43,75.49,1,0,0,0.98,36,26,72.22,35.29,4,0,0,3.92,25,19,76,24.51,0,0,0,0,7,3,42.86,6.86,4,0,0,3.92,0,0,0,0
CSP,New Mexico,2019,132,94,71.21,1,0,0,0.76,61,33,54.1,46.21,15,13,86.67,11.36,48,42,87.5,36.36,0,0,0,0,2,0,0,1.52,3,0,0,2.27,0,0,0,0,31,21,67.74,23.48,1,0,0,0.76,14,6,42.86,10.61,5,4,80,3.79,11,10,90.91,8.33,0,0,0,0,0,0,0,0,0,0,0,0,0,0,0,0,101,73,72.28,76.52,0,0,0,0,47,27,57.45,35.61,10,9,90,7.58,37,32,86.49,28.03,0,0,0,0,2,0,0,1.52,3,0,0,2.27,0,0,0,0
CSP,New Jersey,2017,1641,1341,81.72,63,38,60.32,3.84,224,144,64.29,13.65,395,348,88.1,24.07,847,719,84.89,51.61,2,0,0,0.12,2,0,0,0.12,71,58,81.69,4.33,0,0,0,0,520,424,81.54,31.69,27,15,55.56,1.65,68,42,61.76,4.14,135,116,85.93,8.23,254,220,86.61,15.48,1,0,0,0.06,1,0,0,0.06,22,20,90.91,1.34,0,0,0,0,1121,917,81.8,68.31,36,23,63.89,2.19,156,102,65.38,9.51,260,232,89.23,15.84,593,499,84.15,36.14,1,0,0,0.06,1,0,0,0.06,49,38,77.55,2.99,0,0,0,0
CSP,New Jersey,2018,2764,2231,80.72,104,72,69.23,3.76,396,244,61.62,14.33,654,563,86.09,23.66,1428,1193,83.54,51.66,6,4,66.67,0.22,0,0,0,0,95,83,87.37,3.44,0,0,0,0,903,712,78.85,32.67,37,26,70.27,1.34,121,74,61.16,4.38,216,191,88.43,7.81,471,371,78.77,17.04,1,0,0,0.04,0,0,0,0,23,19,82.61,0.83,0,0,0,0,1861,1519,81.62,67.33,67,46,68.66,2.42,275,170,61.82,9.95,438,372,84.93,15.85,957,822,85.89,34.62,5,3,60,0.18,0,0,0,0,72,64,88.89,2.6,0,0,0,0
CSP,New Jersey,2019,3451,2796,81.02,178,102,57.3,5.16,486,312,64.2,14.08,969,854,88.13,28.08,1593,1338,83.99,46.16,3,0,0,0.09,12,9,75,0.35,112,97,86.61,3.25,0,0,0,0,1191,972,81.61,34.51,72,42,58.33,2.09,163,101,61.96,4.72,358,315,87.99,10.37,517,445,86.07,14.98,1,0,0,0.03,3,0,0,0.09,47,41,87.23,1.36,0,0,0,0,2260,1824,80.71,65.49,106,60,56.6,3.07,323,211,65.33,9.36,611,539,88.22,17.71,1076,893,82.99,31.18,2,0,0,0.06,9,6,66.67,0.26,65,56,86.15,1.88,0,0,0,0
CSP,New Hampshire,2017,38,35,92.11,1,0,0,2.63,2,0,0,5.26,0,0,0,0,33,32,96.97,86.84,0,0,0,0,0,0,0,0,2,0,0,5.26,0,0,0,0,5,4,80,13.16,1,0,0,2.63,0,0,0,0,0,0,0,0,4,0,0,10.53,0,0,0,0,0,0,0,0,0,0,0,0,0,0,0,0,33,31,93.94,86.84,0,0,0,0,2,0,0,5.26,0,0,0,0,29,28,96.55,76.32,0,0,0,0,0,0,0,0,2,0,0,5.26,0,0,0,0
CSP,New Hampshire,2018,215,153,71.16,1,0,0,0.47,4,0,0,1.86,23,18,78.26,10.7,161,111,68.94,74.88,0,0,0,0,1,0,0,0.47,5,4,80,2.33,0,0,0,0,62,47,75.81,28.84,0,0,0,0,0,0,0,0,12,11,91.67,5.58,43,31,72.09,20,0,0,0,0,0,0,0,0,2,0,0,0.93,0,0,0,0,153,106,69.28,71.16,1,0,0,0.47,4,0,0,1.86,11,7,63.64,5.12,118,80,67.8,54.88,0,0,0,0,1,0,0,0.47,3,0,0,1.4,0,0,0,0
CSP,New Hampshire,2019,271,222,81.92,1,0,0,0.37,10,9,90,3.69,31,25,80.65,11.44,216,176,81.48,79.7,0,0,0,0,0,0,0,0,9,9,100,3.32,0,0,0,0,92,75,81.52,33.95,1,0,0,0.37,3,0,0,1.11,15,13,86.67,5.54,71,58,81.69,26.2,0,0,0,0,0,0,0,0,1,0,0,0.37,0,0,0,0,179,147,82.12,66.05,0,0,0,0,7,7,100,2.58,16,12,75,5.9,145,118,81.38,53.51,0,0,0,0,0,0,0,0,8,8,100,2.95,0,0,0,0
CSP,Nevada,2017,329,224,68.09,12,4,33.33,3.65,89,54,60.67,27.05,61,42,68.85,18.54,142,107,75.35,43.16,0,0,0,0,2,0,0,0.61,19,14,73.68,5.78,0,0,0,0,99,63,63.64,30.09,3,0,0,0.91,35,22,62.86,10.64,24,14,58.33,7.29,30,21,70,9.12,0,0,0,0,0,0,0,0,5,4,80,1.52,0,0,0,0,230,161,70,69.91,9,4,44.44,2.74,54,32,59.26,16.41,37,28,75.68,11.25,112,86,76.79,34.04,0,0,0,0,2,0,0,0.61,14,10,71.43,4.26,0,0,0,0
CSP,Nevada,2018,746,440,58.98,38,18,47.37,5.09,248,111,44.76,33.24,115,78,67.83,15.42,244,172,70.49,32.71,3,0,0,0.4,1,0,0,0.13,74,44,59.46,9.92,0,0,0,0,272,142,52.21,36.46,20,7,35,2.68,103,39,37.86,13.81,45,30,66.67,6.03,67,49,73.13,8.98,0,0,0,0,1,0,0,0.13,24,10,41.67,3.22,0,0,0,0,474,298,62.87,63.54,18,11,61.11,2.41,145,72,49.66,19.44,70,48,68.57,9.38,177,123,69.49,23.73,3,0,0,0.4,0,0,0,0,50,34,68,6.7,0,0,0,0
CSP,Nevada,2019,2041,1033,50.61,58,24,41.38,2.84,836,253,30.26,40.96,270,193,71.48,13.23,672,451,67.11,32.93,8,3,37.5,0.39,7,3,42.86,0.34,140,85,60.71,6.86,0,0,0,0,777,333,42.86,38.07,27,11,40.74,1.32,378,97,25.66,18.52,99,63,63.64,4.85,205,130,63.41,10.04,0,0,0,0,3,0,0,0.15,51,29,56.86,2.5,0,0,0,0,1264,700,55.38,61.93,31,13,41.94,1.52,458,156,34.06,22.44,171,130,76.02,8.38,467,321,68.74,22.88,8,3,37.5,0.39,4,0,0,0.2,89,56,62.92,4.36,0,0,0,0
CSP,Nebraska,2017,47,46,97.87,1,0,0,2.13,3,0,0,6.38,10,10,100,21.28,28,27,96.43,59.57,0,0,0,0,2,0,0,4.26,2,0,0,4.26,0,0,0,0,5,4,80,10.64,1,0,0,2.13,0,0,0,0,2,0,0,4.26,2,0,0,4.26,0,0,0,0,0,0,0,0,0,0,0,0,0,0,0,0,42,42,100,89.36,0,0,0,0,3,0,0,6.38,8,8,100,17.02,26,26,100,55.32,0,0,0,0,2,0,0,4.26,2,0,0,4.26,0,0,0,0
CSP,Nebraska,2018,142,123,86.62,1,0,0,0.7,9,6,66.67,6.34,26,23,88.46,18.31,94,87,92.55,66.2,0,0,0,0,0,0,0,0,6,3,50,4.23,0,0,0,0,23,21,91.3,16.2,0,0,0,0,3,0,0,2.11,6,6,100,4.23,13,13,100,9.15,0,0,0,0,0,0,0,0,1,0,0,0.7,0,0,0,0,119,102,85.71,83.8,1,0,0,0.7,6,5,83.33,4.23,20,17,85,14.08,81,74,91.36,57.04,0,0,0,0,0,0,0,0,5,2,40,3.52,0,0,0,0
CSP,Nebraska,2019,218,187,85.78,8,7,87.5,3.67,19,12,63.16,8.72,25,24,96,11.47,148,131,88.51,67.89,0,0,0,0,0,0,0,0,14,11,78.57,6.42,0,0,0,0,55,48,87.27,25.23,2,0,0,0.92,7,5,71.43,3.21,9,9,100,4.13,29,26,89.66,13.3,0,0,0,0,0,0,0,0,7,6,85.71,3.21,0,0,0,0,163,139,85.28,74.77,6,5,83.33,2.75,12,7,58.33,5.5,16,15,93.75,7.34,119,105,88.24,54.59,0,0,0,0,0,0,0,0,7,5,71.43,3.21,0,0,0,0
CSP,Montana,2017,0,0,0,0,0,0,0,0,0,0,0,0,0,0,0,0,0,0,0,0,0,0,0,0,0,0,0,0,0,0,0,0,0,0,0,0,0,0,0,0,0,0,0,0,0,0,0,0,0,0,0,0,0,0,0,0,0,0,0,0,0,0,0,0,0,0,0,0,0,0,0,0,0,0,0,0,0,0,0,0,0,0,0,0,0,0,0,0,0,0,0,0,0,0,0,0,0,0,0,0,0,0,0,0,0,0,0
CSP,Montana,2018,10,7,70,0,0,0,0,0,0,0,0,0,0,0,0,9,6,66.67,90,0,0,0,0,0,0,0,0,1,0,0,10,0,0,0,0,0,0,0,0,0,0,0,0,0,0,0,0,0,0,0,0,0,0,0,0,0,0,0,0,0,0,0,0,0,0,0,0,0,0,0,0,10,7,70,100,0,0,0,0,0,0,0,0,0,0,0,0,9,6,66.67,90,0,0,0,0,0,0,0,0,1,0,0,10,0,0,0,0
CSP,Montana,2019,36,27,75,0,0,0,0,0,0,0,0,2,0,0,5.56,33,24,72.73,91.67,0,0,0,0,0,0,0,0,0,0,0,0,0,0,0,0,12,8,66.67,33.33,0,0,0,0,0,0,0,0,1,0,0,2.78,10,6,60,27.78,0,0,0,0,0,0,0,0,0,0,0,0,0,0,0,0,24,19,79.17,66.67,0,0,0,0,0,0,0,0,1,0,0,2.78,23,18,78.26,63.89,0,0,0,0,0,0,0,0,0,0,0,0,0,0,0,0
CSP,Montana,2017,0,0,0,0,0,0,0,0,0,0,0,0,0,0,0,0,0,0,0,0,0,0,0,0,0,0,0,0,0,0,0,0,0,0,0,0,0,0,0,0,0,0,0,0,0,0,0,0,0,0,0,0,0,0,0,0,0,0,0,0,0,0,0,0,0,0,0,0,0,0,0,0,0,0,0,0,0,0,0,0,0,0,0,0,0,0,0,0,0,0,0,0,0,0,0,0,0,0,0,0,0,0,0,0,0,0,0
CSP,Montana,2018,10,7,70,0,0,0,0,0,0,0,0,0,0,0,0,9,6,66.67,90,0,0,0,0,0,0,0,0,1,0,0,10,0,0,0,0,0,0,0,0,0,0,0,0,0,0,0,0,0,0,0,0,0,0,0,0,0,0,0,0,0,0,0,0,0,0,0,0,0,0,0,0,10,7,70,100,0,0,0,0,0,0,0,0,0,0,0,0,9,6,66.67,90,0,0,0,0,0,0,0,0,1,0,0,10,0,0,0,0
CSP,Montana,2019,36,27,75,0,0,0,0,0,0,0,0,2,0,0,5.56,33,24,72.73,91.67,0,0,0,0,0,0,0,0,0,0,0,0,0,0,0,0,12,8,66.67,33.33,0,0,0,0,0,0,0,0,1,0,0,2.78,10,6,60,27.78,0,0,0,0,0,0,0,0,0,0,0,0,0,0,0,0,24,19,79.17,66.67,0,0,0,0,0,0,0,0,1,0,0,2.78,23,18,78.26,63.89,0,0,0,0,0,0,0,0,0,0,0,0,0,0,0,0
CSP,Mississippi,2017,86,51,59.3,9,2,22.22,10.47,8,6,75,9.3,15,13,86.67,17.44,49,27,55.1,56.98,0,0,0,0,0,0,0,0,4,0,0,4.65,0,0,0,0,23,14,60.87,26.74,5,1,20,5.81,4,0,0,4.65,4,0,0,4.65,9,5,55.56,10.47,0,0,0,0,0,0,0,0,1,0,0,1.16,0,0,0,0,63,37,58.73,73.26,4,0,0,4.65,4,0,0,4.65,11,9,81.82,12.79,40,22,55,46.51,0,0,0,0,0,0,0,0,3,0,0,3.49,0,0,0,0
CSP,Mississippi,2018,182,87,47.8,29,6,20.69,15.93,9,2,22.22,4.95,20,14,70,10.99,106,57,53.77,58.24,1,0,0,0.55,1,0,0,0.55,13,7,53.85,7.14,0,0,0,0,65,29,44.62,35.71,12,2,16.67,6.59,7,2,28.57,3.85,3,0,0,1.65,37,22,59.46,20.33,1,0,0,0.55,0,0,0,0,5,1,20,2.75,0,0,0,0,117,58,49.57,64.29,17,4,23.53,9.34,2,0,0,1.1,17,12,70.59,9.34,69,35,50.72,37.91,0,0,0,0,1,0,0,0.55,8,6,75,4.4,0,0,0,0
CSP,Mississippi,2019,300,167,55.67,37,12,32.43,12.33,21,6,28.57,7,27,16,59.26,9,192,123,64.06,64,0,0,0,0,0,0,0,0,22,10,45.45,7.33,0,0,0,0,113,64,56.64,37.67,14,5,35.71,4.67,6,1,16.67,2,13,7,53.85,4.33,68,47,69.12,22.67,0,0,0,0,0,0,0,0,12,4,33.33,4,0,0,0,0,187,103,55.08,62.33,23,7,30.43,7.67,15,5,33.33,5,14,9,64.29,4.67,124,76,61.29,41.33,0,0,0,0,0,0,0,0,10,6,60,3.33,0,0,0,0
CSP,Missouri,2017,165,111,67.27,15,2,13.33,9.09,8,6,75,4.85,10,9,90,6.06,125,92,73.6,75.76,0,0,0,0,0,0,0,0,4,0,0,2.42,0,0,0,0,55,35,63.64,33.33,5,2,40,3.03,4,0,0,2.42,4,0,0,2.42,39,27,69.23,23.64,0,0,0,0,0,0,0,0,1,0,0,0.61,0,0,0,0,110,76,69.09,66.67,10,0,0,6.06,4,0,0,2.42,6,6,100,3.64,86,65,75.58,52.12,0,0,0,0,0,0,0,0,3,0,0,1.82,0,0,0,0
CSP,Missouri,2018,294,209,71.09,19,5,26.32,6.46,14,8,57.14,4.76,31,22,70.97,10.54,202,154,76.24,68.71,0,0,0,0,2,0,0,0.68,18,14,77.78,6.12,0,0,0,0,75,53,70.67,25.51,10,3,30,3.4,5,4,80,1.7,4,0,0,1.36,48,37,77.08,16.33,0,0,0,0,0,0,0,0,5,4,80,1.7,0,0,0,0,219,156,71.23,74.49,9,2,22.22,3.06,9,4,44.44,3.06,27,19,70.37,9.18,154,117,75.97,52.38,0,0,0,0,2,0,0,0.68,13,10,76.92,4.42,0,0,0,0
CSP,Missouri,2019,474,335,70.68,51,18,35.29,10.76,25,10,40,5.27,39,29,74.36,8.23,319,253,79.31,67.3,0,0,0,0,1,0,0,0.21,27,18,66.67,5.7,0,0,0,0,111,72,64.86,23.42,18,5,27.78,3.8,8,1,12.5,1.69,9,8,88.89,1.9,61,50,81.97,12.87,0,0,0,0,0,0,0,0,11,6,54.55,2.32,0,0,0,0,363,263,72.45,76.58,33,13,39.39,6.96,17,9,52.94,3.59,30,21,70,6.33,258,203,78.68,54.43,0,0,0,0,1,0,0,0.21,16,12,75,3.38,0,0,0,0
CSP,Minnesota,2017,456,394,86.4,16,7,43.75,3.51,32,17,53.12,7.02,111,107,96.4,24.34,266,238,89.47,58.33,1,0,0,0.22,1,0,0,0.22,19,16,84.21,4.17,0,0,0,0,113,90,79.65,24.78,7,2,28.57,1.54,10,4,40,2.19,30,28,93.33,6.58,58,51,87.93,12.72,0,0,0,0,0,0,0,0,5,3,60,1.1,0,0,0,0,343,304,88.63,75.22,9,5,55.56,1.97,22,13,59.09,4.82,81,79,97.53,17.76,208,187,89.9,45.61,1,0,0,0.22,1,0,0,0.22,14,13,92.86,3.07,0,0,0,0
CSP,Minnesota,2018,601,501,83.36,18,10,55.56,3,45,25,55.56,7.49,148,125,84.46,24.63,343,302,88.05,57.07,2,0,0,0.33,1,0,0,0.17,20,19,95,3.33,0,0,0,0,135,112,82.96,22.46,7,4,57.14,1.16,13,6,46.15,2.16,40,36,90,6.66,67,59,88.06,11.15,1,0,0,0.17,0,0,0,0,5,5,100,0.83,0,0,0,0,466,389,83.48,77.54,11,6,54.55,1.83,32,19,59.38,5.32,108,89,82.41,17.97,276,243,88.04,45.92,1,0,0,0.17,1,0,0,0.17,15,14,93.33,2.5,0,0,0,0
CSP,Minnesota,2019,605,440,72.73,39,15,38.46,6.45,58,22,37.93,9.59,123,97,78.86,20.33,337,272,80.71,55.7,0,0,0,0,2,0,0,0.33,22,18,81.82,3.64,0,0,0,0,156,107,68.59,25.79,6,2,33.33,0.99,17,4,23.53,2.81,46,34,73.91,7.6,76,59,77.63,12.56,0,0,0,0,0,0,0,0,6,4,66.67,0.99,0,0,0,0,449,333,74.16,74.21,33,13,39.39,5.45,41,18,43.9,6.78,77,63,81.82,12.73,261,213,81.61,43.14,0,0,0,0,2,0,0,0.33,16,14,87.5,2.64,0,0,0,0
CSP,Michigan,2017,660,591,89.55,11,8,72.73,1.67,24,23,95.83,3.64,153,140,91.5,23.18,425,375,88.24,64.39,1,0,0,0.15,0,0,0,0,32,30,93.75,4.85,0,0,0,0,166,146,87.95,25.15,1,0,0,0.15,4,0,0,0.61,39,35,89.74,5.91,106,91,85.85,16.06,1,0,0,0.15,0,0,0,0,9,8,88.89,1.36,0,0,0,0,494,445,90.08,74.85,10,7,70,1.52,20,19,95,3.03,114,105,92.11,17.27,319,284,89.03,48.33,0,0,0,0,0,0,0,0,23,22,95.65,3.48,0,0,0,0
CSP,Michigan,2018,1739,1428,82.12,63,37,58.73,3.62,75,55,73.33,4.31,227,198,87.22,13.05,1267,1051,82.95,72.86,2,0,0,0.12,3,0,0,0.17,73,60,82.19,4.2,0,0,0,0,487,392,80.49,28,28,16,57.14,1.61,20,13,65,1.15,78,66,84.62,4.49,324,269,83.02,18.63,0,0,0,0,1,0,0,0.06,29,20,68.97,1.67,0,0,0,0,1252,1036,82.75,72,35,21,60,2.01,55,42,76.36,3.16,149,132,88.59,8.57,943,782,82.93,54.23,2,0,0,0.12,2,0,0,0.12,44,40,90.91,2.53,0,0,0,0
CSP,Michigan,2019,2706,2173,80.3,117,54,46.15,4.32,114,84,73.68,4.21,367,317,86.38,13.56,1960,1595,81.38,72.43,1,0,0,0.04,6,5,83.33,0.22,103,86,83.5,3.81,0,0,0,0,843,676,80.19,31.15,53,22,41.51,1.96,36,29,80.56,1.33,121,106,87.6,4.47,580,475,81.9,21.43,0,0,0,0,1,0,0,0.04,34,30,88.24,1.26,0,0,0,0,1863,1497,80.35,68.85,64,32,50,2.37,78,55,70.51,2.88,246,211,85.77,9.09,1380,1120,81.16,51,1,0,0,0.04,5,5,100,0.18,69,56,81.16,2.55,0,0,0,0
CSP,Massachusetts,2017,1242,868,69.89,151,44,29.14,12.16,170,79,46.47,13.69,177,142,80.23,14.25,664,556,83.73,53.46,2,0,0,0.16,1,0,0,0.08,39,27,69.23,3.14,1,0,0,0.08,348,210,60.34,28.02,72,15,20.83,5.8,54,18,33.33,4.35,53,45,84.91,4.27,147,119,80.95,11.84,0,0,0,0,0,0,0,0,16,10,62.5,1.29,0,0,0,0,894,658,73.6,71.98,79,29,36.71,6.36,116,61,52.59,9.34,124,97,78.23,9.98,517,437,84.53,41.63,2,0,0,0.16,1,0,0,0.08,23,17,73.91,1.85,1,0,0,0.08
CSP,Massachusetts,2018,1867,1325,70.97,179,78,43.58,9.59,187,109,58.29,10.02,323,254,78.64,17.3,1021,779,76.3,54.69,1,0,0,0.05,7,2,28.57,0.37,72,52,72.22,3.86,0,0,0,0,564,408,72.34,30.21,73,30,41.1,3.91,44,25,56.82,2.36,115,90,78.26,6.16,268,215,80.22,14.35,0,0,0,0,2,0,0,0.11,34,26,76.47,1.82,0,0,0,0,1303,917,70.38,69.79,106,48,45.28,5.68,143,84,58.74,7.66,208,164,78.85,11.14,753,564,74.9,40.33,1,0,0,0.05,5,1,20,0.27,38,26,68.42,2.04,0,0,0,0
CSP,Massachusetts,2019,2621,1905,72.68,247,113,45.75,9.42,332,170,51.2,12.67,431,364,84.45,16.44,1434,1117,77.89,54.71,2,0,0,0.08,7,4,57.14,0.27,114,87,76.32,4.35,0,0,0,0,833,585,70.23,31.78,116,49,42.24,4.43,129,61,47.29,4.92,156,133,85.26,5.95,384,307,79.95,14.65,0,0,0,0,1,0,0,0.04,32,22,68.75,1.22,0,0,0,0,1788,1320,73.83,68.22,131,64,48.85,5,203,109,53.69,7.75,275,231,84,10.49,1050,810,77.14,40.06,2,0,0,0.08,6,4,66.67,0.23,82,65,79.27,3.13,0,0,0,0
CSP,Maryland,2017,2516,1911,75.95,360,140,38.89,14.31,197,124,62.94,7.83,646,551,85.29,25.68,1102,930,84.39,43.8,3,0,0,0.12,2,0,0,0.08,130,105,80.77,5.17,1,0,0,0.04,888,635,71.51,35.29,150,47,31.33,5.96,65,44,67.69,2.58,264,228,86.36,10.49,332,259,78.01,13.2,1,0,0,0.04,1,0,0,0.04,53,42,79.25,2.11,0,0,0,0,1628,1276,78.38,64.71,210,93,44.29,8.35,132,80,60.61,5.25,382,323,84.55,15.18,770,671,87.14,30.6,2,0,0,0.08,1,0,0,0.04,77,63,81.82,3.06,1,0,0,0.04
CSP,Maryland,2018,3455,2633,76.21,478,222,46.44,13.84,281,169,60.14,8.13,819,701,85.59,23.7,1455,1209,83.09,42.11,2,0,0,0.06,4,0,0,0.12,196,155,79.08,5.67,0,0,0,0,1334,1008,75.56,38.61,210,99,47.14,6.08,92,51,55.43,2.66,350,305,87.14,10.13,498,408,81.93,14.41,0,0,0,0,0,0,0,0,91,76,83.52,2.63,0,0,0,0,2121,1625,76.61,61.39,268,123,45.9,7.76,189,118,62.43,5.47,469,396,84.43,13.57,957,801,83.7,27.7,2,0,0,0.06,4,0,0,0.12,105,79,75.24,3.04,0,0,0,0
CSP,Maryland,2019,4354,3432,78.82,588,303,51.53,13.5,337,203,60.24,7.74,1073,936,87.23,24.64,1893,1594,84.2,43.48,6,6,100,0.14,4,0,0,0.09,226,183,80.97,5.19,0,0,0,0,1673,1352,80.81,38.42,232,129,55.6,5.33,117,70,59.83,2.69,443,398,89.84,10.17,697,595,85.37,16.01,1,0,0,0.02,0,0,0,0,101,84,83.17,2.32,0,0,0,0,2681,2080,77.58,61.58,356,174,48.88,8.18,220,133,60.45,5.05,630,538,85.4,14.47,1196,999,83.53,27.47,5,5,100,0.11,4,0,0,0.09,125,99,79.2,2.87,0,0,0,0
CSP,Maine,2017,95,61,64.21,0,0,0,0,2,0,0,2.11,22,13,59.09,23.16,67,44,65.67,70.53,0,0,0,0,1,0,0,1.05,1,0,0,1.05,0,0,0,0,23,9,39.13,24.21,0,0,0,0,0,0,0,0,7,3,42.86,7.37,15,5,33.33,15.79,0,0,0,0,1,0,0,1.05,0,0,0,0,0,0,0,0,72,52,72.22,75.79,0,0,0,0,2,0,0,2.11,15,10,66.67,15.79,52,39,75,54.74,0,0,0,0,0,0,0,0,1,0,0,1.05,0,0,0,0
CSP,Maine,2018,157,118,75.16,2,0,0,1.27,5,3,60,3.18,37,23,62.16,23.57,106,86,81.13,67.52,0,0,0,0,0,0,0,0,2,0,0,1.27,0,0,0,0,38,27,71.05,24.2,1,0,0,0.64,0,0,0,0,8,6,75,5.1,26,18,69.23,16.56,0,0,0,0,0,0,0,0,1,0,0,0.64,0,0,0,0,119,91,76.47,75.8,1,0,0,0.64,5,3,60,3.18,29,17,58.62,18.47,80,68,85,50.96,0,0,0,0,0,0,0,0,1,0,0,0.64,0,0,0,0
CSP,Maine,2019,185,132,71.35,1,0,0,0.54,6,4,66.67,3.24,27,16,59.26,14.59,143,106,74.13,77.3,0,0,0,0,0,0,0,0,3,0,0,1.62,0,0,0,0,49,34,69.39,26.49,0,0,0,0,2,0,0,1.08,8,7,87.5,4.32,38,24,63.16,20.54,0,0,0,0,0,0,0,0,0,0,0,0,0,0,0,0,136,98,72.06,73.51,1,0,0,0.54,4,0,0,2.16,19,9,47.37,10.27,105,82,78.1,56.76,0,0,0,0,0,0,0,0,3,0,0,1.62,0,0,0,0
CSP,Louisiana,2017,236,131,55.51,65,23,35.38,27.54,21,12,57.14,8.9,13,10,76.92,5.51,119,77,64.71,50.42,0,0,0,0,0,0,0,0,14,9,64.29,5.93,0,0,0,0,83,38,45.78,35.17,30,11,36.67,12.71,10,4,40,4.24,4,0,0,1.69,30,17,56.67,12.71,0,0,0,0,0,0,0,0,7,5,71.43,2.97,0,0,0,0,153,93,60.78,64.83,35,12,34.29,14.83,11,8,72.73,4.66,9,9,100,3.81,89,60,67.42,37.71,0,0,0,0,0,0,0,0,7,4,57.14,2.97,0,0,0,0
CSP,Louisiana,2018,355,189,53.24,68,19,27.94,19.15,29,15,51.72,8.17,14,13,92.86,3.94,222,134,60.36,62.54,2,0,0,0.56,0,0,0,0,14,5,35.71,3.94,0,0,0,0,104,51,49.04,29.3,27,8,29.63,7.61,5,2,40,1.41,5,4,80,1.41,61,36,59.02,17.18,1,0,0,0.28,0,0,0,0,4,0,0,1.13,0,0,0,0,251,138,54.98,70.7,41,11,26.83,11.55,24,13,54.17,6.76,9,9,100,2.54,161,98,60.87,45.35,1,0,0,0.28,0,0,0,0,10,4,40,2.82,0,0,0,0
CSP,Louisiana,2019,601,302,50.25,101,29,28.71,16.81,60,26,43.33,9.98,52,34,65.38,8.65,326,189,57.98,54.24,0,0,0,0,2,0,0,0.33,27,10,37.04,4.49,0,0,0,0,191,91,47.64,31.78,39,10,25.64,6.49,25,10,40,4.16,22,16,72.73,3.66,84,46,54.76,13.98,0,0,0,0,1,0,0,0.17,7,2,28.57,1.16,0,0,0,0,410,211,51.46,68.22,62,19,30.65,10.32,35,16,45.71,5.82,30,18,60,4.99,242,143,59.09,40.27,0,0,0,0,1,0,0,0.17,20,8,40,3.33,0,0,0,0
CSP,Kentucky,2017,456,302,66.23,21,9,42.86,4.61,21,13,61.9,4.61,77,58,75.32,16.89,310,207,66.77,67.98,0,0,0,0,4,0,0,0.88,16,10,62.5,3.51,0,0,0,0,150,88,58.67,32.89,10,4,40,2.19,4,0,0,0.88,32,20,62.5,7.02,97,59,60.82,21.27,0,0,0,0,0,0,0,0,4,0,0,0.88,0,0,0,0,306,214,69.93,67.11,11,5,45.45,2.41,17,11,64.71,3.73,45,38,84.44,9.87,213,148,69.48,46.71,0,0,0,0,4,0,0,0.88,12,7,58.33,2.63,0,0,0,0
CSP,Kentucky,2018,968,605,62.5,33,16,48.48,3.41,41,18,43.9,4.24,108,82,75.93,11.16,717,458,63.88,74.07,0,0,0,0,3,0,0,0.31,37,21,56.76,3.82,0,0,0,0,301,184,61.13,31.1,18,11,61.11,1.86,17,7,41.18,1.76,48,36,75,4.96,196,121,61.73,20.25,0,0,0,0,0,0,0,0,10,5,50,1.03,0,0,0,0,667,421,63.12,68.9,15,5,33.33,1.55,24,11,45.83,2.48,60,46,76.67,6.2,521,337,64.68,53.82,0,0,0,0,3,0,0,0.31,27,16,59.26,2.79,0,0,0,0
CSP,Kentucky,2019,1111,696,62.65,36,10,27.78,3.24,54,20,37.04,4.86,104,79,75.96,9.36,829,531,64.05,74.62,0,0,0,0,3,0,0,0.27,49,29,59.18,4.41,0,0,0,0,361,232,64.27,32.49,14,5,35.71,1.26,11,3,27.27,0.99,43,31,72.09,3.87,271,179,66.05,24.39,0,0,0,0,0,0,0,0,12,7,58.33,1.08,0,0,0,0,750,464,61.87,67.51,22,5,22.73,1.98,43,17,39.53,3.87,61,48,78.69,5.49,558,352,63.08,50.23,0,0,0,0,3,0,0,0.27,37,22,59.46,3.33,0,0,0,0
CSP,Kansas,2017,12,11,91.67,0,0,0,0,0,0,0,0,0,0,0,0,12,11,91.67,100,0,0,0,0,0,0,0,0,0,0,0,0,0,0,0,0,3,0,0,25,0,0,0,0,0,0,0,0,0,0,0,0,3,0,0,25,0,0,0,0,0,0,0,0,0,0,0,0,0,0,0,0,9,8,88.89,75,0,0,0,0,0,0,0,0,0,0,0,0,9,8,88.89,75,0,0,0,0,0,0,0,0,0,0,0,0,0,0,0,0
CSP,Kansas,2018,38,36,94.74,0,0,0,0,8,8,100,21.05,6,6,100,15.79,22,21,95.45,57.89,0,0,0,0,1,0,0,2.63,0,0,0,0,0,0,0,0,4,0,0,10.53,0,0,0,0,1,0,0,2.63,0,0,0,0,3,0,0,7.89,0,0,0,0,0,0,0,0,0,0,0,0,0,0,0,0,34,32,94.12,89.47,0,0,0,0,7,7,100,18.42,6,6,100,15.79,19,18,94.74,50,0,0,0,0,1,0,0,2.63,0,0,0,0,0,0,0,0
CSP,Kansas,2019,101,80,79.21,1,0,0,0.99,7,5,71.43,6.93,25,19,76,24.75,62,50,80.65,61.39,0,0,0,0,1,0,0,0.99,1,0,0,0.99,0,0,0,0,17,13,76.47,16.83,0,0,0,0,2,0,0,1.98,5,3,60,4.95,10,9,90,9.9,0,0,0,0,0,0,0,0,0,0,0,0,0,0,0,0,84,67,79.76,83.17,1,0,0,0.99,5,4,80,4.95,20,16,80,19.8,52,41,78.85,51.49,0,0,0,0,1,0,0,0.99,1,0,0,0.99,0,0,0,0
CSP,Iowa,2017,107,85,79.44,4,0,0,3.74,10,8,80,9.35,14,8,57.14,13.08,68,60,88.24,63.55,0,0,0,0,0,0,0,0,9,6,66.67,8.41,0,0,0,0,21,16,76.19,19.63,2,0,0,1.87,1,0,0,0.93,5,2,40,4.67,11,10,90.91,10.28,0,0,0,0,0,0,0,0,2,0,0,1.87,0,0,0,0,86,69,80.23,80.37,2,0,0,1.87,9,7,77.78,8.41,9,6,66.67,8.41,57,50,87.72,53.27,0,0,0,0,0,0,0,0,7,5,71.43,6.54,0,0,0,0
CSP,Iowa,2018,173,129,74.57,3,0,0,1.73,24,16,66.67,13.87,17,12,70.59,9.83,113,89,78.76,65.32,0,0,0,0,1,0,0,0.58,8,5,62.5,4.62,0,0,0,0,38,25,65.79,21.97,1,0,0,0.58,5,4,80,2.89,7,5,71.43,4.05,21,13,61.9,12.14,0,0,0,0,0,0,0,0,2,0,0,1.16,0,0,0,0,135,104,77.04,78.03,2,0,0,1.16,19,12,63.16,10.98,10,7,70,5.78,92,76,82.61,53.18,0,0,0,0,1,0,0,0.58,6,5,83.33,3.47,0,0,0,0
CSP,Iowa,2019,327,224,68.5,23,7,30.43,7.03,37,16,43.24,11.31,47,36,76.6,14.37,204,155,75.98,62.39,0,0,0,0,2,0,0,0.61,9,8,88.89,2.75,0,0,0,0,87,54,62.07,26.61,7,2,28.57,2.14,17,8,47.06,5.2,6,5,83.33,1.83,51,35,68.63,15.6,0,0,0,0,0,0,0,0,4,0,0,1.22,0,0,0,0,240,170,70.83,73.39,16,5,31.25,4.89,20,8,40,6.12,41,31,75.61,12.54,153,120,78.43,46.79,0,0,0,0,2,0,0,0.61,5,4,80,1.53,0,0,0,0
CSP,Indiana,2017,554,439,79.24,14,4,28.57,2.53,41,24,58.54,7.4,85,70,82.35,15.34,380,315,82.89,68.59,0,0,0,0,0,0,0,0,23,16,69.57,4.15,0,0,0,0,113,91,80.53,20.4,3,0,0,0.54,6,5,83.33,1.08,27,22,81.48,4.87,71,58,81.69,12.82,0,0,0,0,0,0,0,0,4,0,0,0.72,0,0,0,0,441,348,78.91,79.6,11,3,27.27,1.99,35,19,54.29,6.32,58,48,82.76,10.47,309,257,83.17,55.78,0,0,0,0,0,0,0,0,19,13,68.42,3.43,0,0,0,0
CSP,Indiana,2018,920,727,79.02,34,10,29.41,3.7,72,52,72.22,7.83,112,99,88.39,12.17,648,527,81.33,70.43,0,0,0,0,1,0,0,0.11,41,32,78.05,4.46,0,0,0,0,247,195,78.95,26.85,20,3,15,2.17,21,16,76.19,2.28,35,33,94.29,3.8,155,131,84.52,16.85,0,0,0,0,0,0,0,0,14,12,85.71,1.52,0,0,0,0,673,532,79.05,73.15,14,7,50,1.52,51,36,70.59,5.54,77,66,85.71,8.37,493,396,80.32,53.59,0,0,0,0,1,0,0,0.11,27,20,74.07,2.93,0,0,0,0
CSP,Indiana,2019,1562,1167,74.71,68,30,44.12,4.35,105,72,68.57,6.72,174,146,83.91,11.14,1142,866,75.83,73.11,1,0,0,0.06,1,0,0,0.06,52,40,76.92,3.33,0,0,0,0,335,259,77.31,21.45,20,7,35,1.28,25,14,56,1.6,54,45,83.33,3.46,219,180,82.19,14.02,0,0,0,0,0,0,0,0,14,11,78.57,0.9,0,0,0,0,1227,908,74,78.55,48,23,47.92,3.07,80,58,72.5,5.12,120,101,84.17,7.68,923,686,74.32,59.09,1,0,0,0.06,1,0,0,0.06,38,29,76.32,2.43,0,0,0,0
CSP,Illinois,2017,1774,1344,75.76,64,28,43.75,3.61,384,219,57.03,21.65,417,337,80.82,23.51,849,711,83.75,47.86,1,0,0,0.06,0,0,0,0,49,41,83.67,2.76,0,0,0,0,438,313,71.46,24.69,23,8,34.78,1.3,88,44,50,4.96,129,101,78.29,7.27,180,145,80.56,10.15,0,0,0,0,0,0,0,0,18,15,83.33,1.01,0,0,0,0,1336,1031,77.17,75.31,41,20,48.78,2.31,296,175,59.12,16.69,288,236,81.94,16.23,669,566,84.6,37.71,1,0,0,0.06,0,0,0,0,31,26,83.87,1.75,0,0,0,0
CSP,Illinois,2018,3018,2215,73.39,137,52,37.96,4.54,637,342,53.69,21.11,682,571,83.72,22.6,1347,1096,81.37,44.63,1,0,0,0.03,4,0,0,0.13,103,89,86.41,3.41,0,0,0,0,823,610,74.12,27.27,51,19,37.25,1.69,168,90,53.57,5.57,216,191,88.43,7.16,322,261,81.06,10.67,1,0,0,0.03,0,0,0,0,31,26,83.87,1.03,0,0,0,0,2195,1605,73.12,72.73,86,33,38.37,2.85,469,252,53.73,15.54,466,380,81.55,15.44,1025,835,81.46,33.96,0,0,0,0,4,0,0,0.13,72,63,87.5,2.39,0,0,0,0
CSP,Illinois,2019,4073,3126,76.75,204,100,49.02,5.01,987,559,56.64,24.23,876,772,88.13,21.51,1792,1513,84.43,44,2,0,0,0.05,4,0,0,0.1,137,121,88.32,3.36,0,0,0,0,1376,1032,75,33.78,99,48,48.48,2.43,358,191,53.35,8.79,300,266,88.67,7.37,537,458,85.29,13.18,0,0,0,0,1,0,0,0.02,53,45,84.91,1.3,0,0,0,0,2697,2094,77.64,66.22,105,52,49.52,2.58,629,368,58.51,15.44,576,506,87.85,14.14,1255,1055,84.06,30.81,2,0,0,0.05,3,0,0,0.07,84,76,90.48,2.06,0,0,0,0
CSP,Idaho,2017,192,125,65.1,0,0,0,0,31,13,41.94,16.15,12,10,83.33,6.25,132,91,68.94,68.75,0,0,0,0,0,0,0,0,7,6,85.71,3.65,0,0,0,0,63,35,55.56,32.81,0,0,0,0,13,4,30.77,6.77,8,8,100,4.17,40,22,55,20.83,0,0,0,0,0,0,0,0,2,0,0,1.04,0,0,0,0,129,90,69.77,67.19,0,0,0,0,18,9,50,9.38,4,0,0,2.08,92,69,75,47.92,0,0,0,0,0,0,0,0,5,5,100,2.6,0,0,0,0
CSP,Idaho,2018,138,103,74.64,1,0,0,0.72,18,11,61.11,13.04,7,4,57.14,5.07,96,76,79.17,69.57,0,0,0,0,2,0,0,1.45,10,8,80,7.25,0,0,0,0,29,21,72.41,21.01,0,0,0,0,1,0,0,0.72,3,0,0,2.17,21,16,76.19,15.22,0,0,0,0,1,0,0,0.72,2,0,0,1.45,0,0,0,0,109,82,75.23,78.99,1,0,0,0.72,17,11,64.71,12.32,4,0,0,2.9,75,60,80,54.35,0,0,0,0,1,0,0,0.72,8,7,87.5,5.8,0,0,0,0
CSP,Idaho,2019,307,219,71.34,2,0,0,0.65,49,22,44.9,15.96,24,21,87.5,7.82,212,159,75,69.06,1,0,0,0.33,1,0,0,0.33,11,9,81.82,3.58,0,0,0,0,93,70,75.27,30.29,1,0,0,0.33,20,8,40,6.51,11,10,90.91,3.58,58,48,82.76,18.89,0,0,0,0,0,0,0,0,3,0,0,0.98,0,0,0,0,214,149,69.63,69.71,1,0,0,0.33,29,14,48.28,9.45,13,11,84.62,4.23,154,111,72.08,50.16,1,0,0,0.33,1,0,0,0.33,8,6,75,2.61,0,0,0,0
CSP,Hawaii,2017,202,153,75.74,1,0,0,0.5,29,19,65.52,14.36,88,66,75,43.56,31,26,83.87,15.35,4,0,0,1.98,0,0,0,0,49,40,81.63,24.26,0,0,0,0,66,50,75.76,32.67,1,0,0,0.5,9,5,55.56,4.46,29,26,89.66,14.36,6,5,83.33,2.97,3,0,0,1.49,0,0,0,0,18,13,72.22,8.91,0,0,0,0,136,103,75.74,67.33,0,0,0,0,20,14,70,9.9,59,40,67.8,29.21,25,21,84,12.38,1,0,0,0.5,0,0,0,0,31,27,87.1,15.35,0,0,0,0
CSP,Hawaii,2018,325,217,66.77,4,0,0,1.23,37,18,48.65,11.38,135,87,64.44,41.54,48,40,83.33,14.77,8,3,37.5,2.46,0,0,0,0,90,66,73.33,27.69,0,0,0,0,100,62,62,30.77,0,0,0,0,11,5,45.45,3.38,50,31,62,15.38,10,9,90,3.08,1,0,0,0.31,0,0,0,0,27,16,59.26,8.31,0,0,0,0,225,155,68.89,69.23,4,0,0,1.23,26,13,50,8,85,56,65.88,26.15,38,31,81.58,11.69,7,3,42.86,2.15,0,0,0,0,63,50,79.37,19.38,0,0,0,0
CSP,Hawaii,2019,511,339,66.34,1,0,0,0.2,74,42,56.76,14.48,231,158,68.4,45.21,55,43,78.18,10.76,19,6,31.58,3.72,0,0,0,0,124,86,69.35,24.27,0,0,0,0,159,104,65.41,31.12,0,0,0,0,21,13,61.9,4.11,72,47,65.28,14.09,12,10,83.33,2.35,8,2,25,1.57,0,0,0,0,44,31,70.45,8.61,0,0,0,0,352,235,66.76,68.88,1,0,0,0.2,53,29,54.72,10.37,159,111,69.81,31.12,43,33,76.74,8.41,11,4,36.36,2.15,0,0,0,0,80,55,68.75,15.66,0,0,0,0
CSP,Georgia,2017,1942,1503,77.39,186,101,54.3,9.58,166,95,57.23,8.55,544,462,84.93,28.01,928,750,80.82,47.79,4,0,0,0.21,4,0,0,0.21,76,64,84.21,3.91,1,0,0,0.05,495,363,73.33,25.49,68,36,52.94,3.5,44,20,45.45,2.27,171,149,87.13,8.81,187,139,74.33,9.63,1,0,0,0.05,1,0,0,0.05,18,15,83.33,0.93,1,0,0,0.05,1447,1140,78.78,74.51,118,65,55.08,6.08,122,75,61.48,6.28,373,313,83.91,19.21,741,611,82.46,38.16,3,0,0,0.15,3,0,0,0.15,58,49,84.48,2.99,0,0,0,0
CSP,Georgia,2018,2857,2048,71.68,325,149,45.85,11.38,334,199,59.58,11.69,710,577,81.27,24.85,1314,990,75.34,45.99,5,2,40,0.18,4,0,0,0.14,100,82,82,3.5,0,0,0,0,801,536,66.92,28.04,134,58,43.28,4.69,102,50,49.02,3.57,235,192,81.7,8.23,282,201,71.28,9.87,1,0,0,0.04,1,0,0,0.04,29,21,72.41,1.02,0,0,0,0,2056,1512,73.54,71.96,191,91,47.64,6.69,232,149,64.22,8.12,475,385,81.05,16.63,1032,789,76.45,36.12,4,0,0,0.14,3,0,0,0.11,71,61,85.92,2.49,0,0,0,0
CSP,Georgia,2019,3625,2724,75.14,454,198,43.61,12.52,317,192,60.57,8.74,1081,941,87.05,29.82,1567,1232,78.62,43.23,4,0,0,0.11,11,10,90.91,0.3,148,116,78.38,4.08,0,0,0,0,1085,779,71.8,29.93,175,70,40,4.83,97,52,53.61,2.68,385,335,87.01,10.62,371,276,74.39,10.23,0,0,0,0,2,0,0,0.06,40,30,75,1.1,0,0,0,0,2540,1945,76.57,70.07,279,128,45.88,7.7,220,140,63.64,6.07,696,606,87.07,19.2,1196,956,79.93,32.99,4,0,0,0.11,9,8,88.89,0.25,108,86,79.63,2.98,0,0,0,0
CSP,Florida,2017,4829,3241,67.12,459,174,37.91,9.51,1482,906,61.13,30.69,472,360,76.27,9.77,2133,1626,76.23,44.17,5,2,40,0.1,12,6,50,0.25,193,132,68.39,4,0,0,0,0,1305,818,62.68,27.02,148,45,30.41,3.06,416,220,52.88,8.61,134,108,80.6,2.77,518,388,74.9,10.73,1,0,0,0.02,6,2,33.33,0.12,62,47,75.81,1.28,0,0,0,0,3524,2423,68.76,72.98,311,129,41.48,6.44,1066,686,64.35,22.07,338,252,74.56,7,1615,1238,76.66,33.44,4,0,0,0.08,6,4,66.67,0.12,131,85,64.89,2.71,0,0,0,0
CSP,Florida,2018,7972,4954,62.14,866,267,30.83,10.86,2651,1552,58.54,33.25,840,631,75.12,10.54,3108,2211,71.14,38.99,10,4,40,0.13,16,10,62.5,0.2,320,203,63.44,4.01,0,0,0,0,2383,1372,57.57,29.89,366,92,25.14,4.59,801,435,54.31,10.05,265,196,73.96,3.32,809,566,69.96,10.15,2,0,0,0.03,9,6,66.67,0.11,85,57,67.06,1.07,0,0,0,0,5589,3582,64.09,70.11,500,175,35,6.27,1850,1117,60.38,23.21,575,435,75.65,7.21,2299,1645,71.55,28.84,8,3,37.5,0.1,7,4,57.14,0.09,235,146,62.13,2.95,0,0,0,0
CSP,Florida,2019,9754,6173,63.29,888,353,39.75,9.1,3427,2015,58.8,35.13,1102,843,76.5,11.3,3732,2603,69.75,38.26,10,4,40,0.1,23,10,43.48,0.24,395,258,65.32,4.05,0,0,0,0,3019,1885,62.44,30.95,343,132,38.48,3.52,1056,614,58.14,10.83,389,306,78.66,3.99,1057,731,69.16,10.84,3,0,0,0.03,7,4,57.14,0.07,110,76,69.09,1.13,0,0,0,0,6735,4288,63.67,69.05,545,221,40.55,5.59,2371,1401,59.09,24.31,713,537,75.32,7.31,2675,1872,69.98,27.42,7,4,57.14,0.07,16,6,37.5,0.16,285,182,63.86,2.92,0,0,0,0
CSP,DC,2017,94,60,63.83,31,13,41.94,32.98,14,9,64.29,14.89,7,4,57.14,7.45,33,29,87.88,35.11,0,0,0,0,0,0,0,0,4,0,0,4.26,0,0,0,0,37,25,67.57,39.36,12,5,41.67,12.77,5,3,60,5.32,2,0,0,2.13,14,13,92.86,14.89,0,0,0,0,0,0,0,0,2,0,0,2.13,0,0,0,0,57,35,61.4,60.64,19,8,42.11,20.21,9,6,66.67,9.57,5,2,40,5.32,19,16,84.21,20.21,0,0,0,0,0,0,0,0,2,0,0,2.13,0,0,0,0
CSP,DC,2018,168,79,47.02,83,23,27.71,49.4,24,14,58.33,14.29,9,5,55.56,5.36,29,25,86.21,17.26,0,0,0,0,0,0,0,0,11,6,54.55,6.55,0,0,0,0,79,32,40.51,47.02,41,10,24.39,24.4,17,9,52.94,10.12,1,0,0,0.6,10,8,80,5.95,0,0,0,0,0,0,0,0,8,5,62.5,4.76,0,0,0,0,89,47,52.81,52.98,42,13,30.95,25,7,5,71.43,4.17,8,5,62.5,4.76,19,17,89.47,11.31,0,0,0,0,0,0,0,0,3,0,0,1.79,0,0,0,0
CSP,DC,2019,196,76,38.78,105,22,20.95,53.57,27,10,37.04,13.78,6,4,66.67,3.06,31,28,90.32,15.82,0,0,0,0,4,0,0,2.04,16,10,62.5,8.16,0,0,0,0,104,40,38.46,53.06,53,13,24.53,27.04,15,6,40,7.65,2,0,0,1.02,14,12,85.71,7.14,0,0,0,0,3,0,0,1.53,13,7,53.85,6.63,0,0,0,0,92,36,39.13,46.94,52,9,17.31,26.53,12,4,33.33,6.12,4,0,0,2.04,17,16,94.12,8.67,0,0,0,0,1,0,0,0.51,3,0,0,1.53,0,0,0,0
CSP,Delaware,2017,134,93,69.4,10,4,40,7.46,6,2,33.33,4.48,29,22,75.86,21.64,77,55,71.43,57.46,0,0,0,0,0,0,0,0,11,9,81.82,8.21,0,0,0,0,33,26,78.79,24.63,3,0,0,2.24,1,0,0,0.75,8,8,100,5.97,18,14,77.78,13.43,0,0,0,0,0,0,0,0,3,0,0,2.24,0,0,0,0,101,67,66.34,75.37,7,2,28.57,5.22,5,2,40,3.73,21,14,66.67,15.67,59,41,69.49,44.03,0,0,0,0,0,0,0,0,8,7,87.5,5.97,0,0,0,0
CSP,Delaware,2018,224,164,73.21,21,14,66.67,9.38,20,11,55,8.93,45,37,82.22,20.09,115,88,76.52,51.34,0,0,0,0,1,0,0,0.45,17,11,64.71,7.59,0,0,0,0,57,51,89.47,25.45,8,6,75,3.57,2,0,0,0.89,16,16,100,7.14,26,23,88.46,11.61,0,0,0,0,0,0,0,0,5,5,100,2.23,0,0,0,0,167,113,67.66,74.55,13,8,61.54,5.8,18,10,55.56,8.04,29,21,72.41,12.95,89,65,73.03,39.73,0,0,0,0,1,0,0,0.45,12,6,50,5.36,0,0,0,0
CSP,Delaware,2019,236,144,61.02,29,10,34.48,12.29,19,10,52.63,8.05,49,32,65.31,20.76,115,79,68.7,48.73,0,0,0,0,3,0,0,1.27,20,12,60,8.47,0,0,0,0,68,47,69.12,28.81,8,3,37.5,3.39,9,5,55.56,3.81,19,14,73.68,8.05,26,22,84.62,11.02,0,0,0,0,0,0,0,0,6,3,50,2.54,0,0,0,0,168,97,57.74,71.19,21,7,33.33,8.9,10,5,50,4.24,30,18,60,12.71,89,57,64.04,37.71,0,0,0,0,3,0,0,1.27,14,9,64.29,5.93,0,0,0,0
CSP,Connecticut,2017,889,743,83.58,51,32,62.75,5.74,85,54,63.53,9.56,174,152,87.36,19.57,532,468,87.97,59.84,0,0,0,0,2,0,0,0.22,35,26,74.29,3.94,0,0,0,0,273,220,80.59,30.71,16,9,56.25,1.8,28,17,60.71,3.15,54,42,77.78,6.07,161,142,88.2,18.11,0,0,0,0,0,0,0,0,11,7,63.64,1.24,0,0,0,0,616,523,84.9,69.29,35,23,65.71,3.94,57,37,64.91,6.41,120,110,91.67,13.5,371,326,87.87,41.73,0,0,0,0,2,0,0,0.22,24,19,79.17,2.7,0,0,0,0
CSP,Connecticut,2018,1295,986,76.14,79,20,25.32,6.1,164,86,52.44,12.66,212,173,81.6,16.37,742,633,85.31,57.3,1,0,0,0.08,1,0,0,0.08,60,45,75,4.63,0,0,0,0,416,300,72.12,32.12,33,6,18.18,2.55,50,24,48,3.86,61,47,77.05,4.71,236,196,83.05,18.22,0,0,0,0,0,0,0,0,22,16,72.73,1.7,0,0,0,0,879,686,78.04,67.88,46,14,30.43,3.55,114,62,54.39,8.8,151,126,83.44,11.66,506,437,86.36,39.07,1,0,0,0.08,1,0,0,0.08,38,29,76.32,2.93,0,0,0,0
CSP,Connecticut,2019,1929,1529,79.26,120,60,50,6.22,231,128,55.41,11.98,355,295,83.1,18.4,1108,950,85.74,57.44,1,0,0,0.05,1,0,0,0.05,69,59,85.51,3.58,0,0,0,0,615,490,79.67,31.88,52,27,51.92,2.7,69,33,47.83,3.58,146,126,86.3,7.57,306,268,87.58,15.86,1,0,0,0.05,1,0,0,0.05,25,21,84,1.3,0,0,0,0,1314,1039,79.07,68.12,68,33,48.53,3.53,162,95,58.64,8.4,209,169,80.86,10.83,802,682,85.04,41.58,0,0,0,0,0,0,0,0,44,38,86.36,2.28,0,0,0,0
CSP,Colorado,2017,577,438,75.91,18,6,33.33,3.12,105,51,48.57,18.2,44,35,79.55,7.63,368,316,85.87,63.78,3,0,0,0.52,4,0,0,0.69,25,19,76,4.33,0,0,0,0,119,92,77.31,20.62,6,2,33.33,1.04,26,12,46.15,4.51,18,14,77.78,3.12,56,52,92.86,9.71,1,0,0,0.17,2,0,0,0.35,7,7,100,1.21,0,0,0,0,458,346,75.55,79.38,12,4,33.33,2.08,79,39,49.37,13.69,26,21,80.77,4.51,312,264,84.62,54.07,2,0,0,0.35,2,0,0,0.35,18,12,66.67,3.12,0,0,0,0
CSP,Colorado,2018,1128,855,75.8,34,15,44.12,3.01,224,131,58.48,19.86,109,89,81.65,9.66,680,560,82.35,60.28,2,0,0,0.18,4,0,0,0.35,54,42,77.78,4.79,0,0,0,0,303,227,74.92,26.86,7,2,28.57,0.62,68,38,55.88,6.03,36,30,83.33,3.19,170,139,81.76,15.07,1,0,0,0.09,1,0,0,0.09,17,14,82.35,1.51,0,0,0,0,825,628,76.12,73.14,27,13,48.15,2.39,156,93,59.62,13.83,73,59,80.82,6.47,510,421,82.55,45.21,1,0,0,0.09,3,0,0,0.27,37,28,75.68,3.28,0,0,0,0
CSP,Colorado,2019,1414,1047,74.05,29,17,58.62,2.05,322,169,52.48,22.77,124,107,86.29,8.77,854,692,81.03,60.4,0,0,0,0,9,5,55.56,0.64,55,45,81.82,3.89,0,0,0,0,413,286,69.25,29.21,12,6,50,0.85,110,53,48.18,7.78,43,38,88.37,3.04,226,172,76.11,15.98,0,0,0,0,0,0,0,0,16,14,87.5,1.13,0,0,0,0,1001,761,76.02,70.79,17,11,64.71,1.2,212,116,54.72,14.99,81,69,85.19,5.73,628,520,82.8,44.41,0,0,0,0,9,5,55.56,0.64,39,31,79.49,2.76,0,0,0,0
CSP,California,2017,8560,6262,73.15,207,104,50.24,2.42,2677,1384,51.7,31.27,2917,2444,83.78,34.08,2126,1818,85.51,24.84,23,15,65.22,0.27,13,10,76.92,0.15,418,343,82.06,4.88,2,0,0,0.02,2739,1927,70.35,32,81,41,50.62,0.95,879,401,45.62,10.27,1025,857,83.61,11.97,544,456,83.82,6.36,9,6,66.67,0.11,7,6,85.71,0.08,135,114,84.44,1.58,1,0,0,0.01,5821,4335,74.47,68,126,63,50,1.47,1798,983,54.67,21,1892,1587,83.88,22.1,1582,1362,86.09,18.48,14,9,64.29,0.16,6,4,66.67,0.07,283,229,80.92,3.31,1,0,0,0.01
CSP,California,2018,13154,9369,71.23,312,141,45.19,2.37,4247,2183,51.4,32.29,4364,3597,82.42,33.18,3124,2601,83.26,23.75,29,19,65.52,0.22,14,10,71.43,0.11,653,522,79.94,4.96,1,0,0,0.01,4372,3046,69.67,33.24,125,52,41.6,0.95,1438,675,46.94,10.93,1575,1310,83.17,11.97,869,729,83.89,6.61,10,7,70,0.08,4,0,0,0.03,212,171,80.66,1.61,1,0,0,0.01,8782,6323,72,66.76,187,89,47.59,1.42,2809,1508,53.68,21.35,2789,2287,82,21.2,2255,1872,83.02,17.14,19,12,63.16,0.14,10,8,80,0.08,441,351,79.59,3.35,0,0,0,0
CSP,California,2019,16624,12200,73.39,392,208,53.06,2.36,5333,2876,53.93,32.08,5640,4734,83.94,33.93,3935,3311,84.14,23.67,43,32,74.42,0.26,29,17,58.62,0.17,868,723,83.29,5.22,0,0,0,0,5673,4016,70.79,34.13,158,87,55.06,0.95,1865,914,49.01,11.22,2077,1710,82.33,12.49,1152,968,84.03,6.93,10,9,90,0.06,6,3,50,0.04,295,241,81.69,1.77,0,0,0,0,10951,8184,74.73,65.87,234,121,51.71,1.41,3468,1962,56.57,20.86,3563,3024,84.87,21.43,2783,2343,84.19,16.74,33,23,69.7,0.2,23,14,60.87,0.14,573,482,84.12,3.45,0,0,0,0
CSP,Arkansas,2017,492,228,46.34,49,13,26.53,9.96,62,25,40.32,12.6,37,30,81.08,7.52,295,144,48.81,59.96,2,0,0,0.41,4,0,0,0.81,31,10,32.26,6.3,0,0,0,0,152,75,49.34,30.89,22,5,22.73,4.47,23,8,34.78,4.67,13,13,100,2.64,82,45,54.88,16.67,0,0,0,0,2,0,0,0.41,7,2,28.57,1.42,0,0,0,0,340,153,45,69.11,27,8,29.63,5.49,39,17,43.59,7.93,24,17,70.83,4.88,213,99,46.48,43.29,2,0,0,0.41,2,0,0,0.41,24,8,33.33,4.88,0,0,0,0
CSP,Arkansas,2018,781,361,46.22,83,11,13.25,10.63,76,28,36.84,9.73,84,58,69.05,10.76,478,238,49.79,61.2,1,0,0,0.13,8,2,25,1.02,38,20,52.63,4.87,0,0,0,0,260,108,41.54,33.29,40,5,12.5,5.12,25,11,44,3.2,34,23,67.65,4.35,142,62,43.66,18.18,1,0,0,0.13,2,0,0,0.26,13,7,53.85,1.66,0,0,0,0,521,253,48.56,66.71,43,6,13.95,5.51,51,17,33.33,6.53,50,35,70,6.4,336,176,52.38,43.02,0,0,0,0,6,2,33.33,0.77,25,13,52,3.2,0,0,0,0
CSP,Arkansas,2019,851,455,53.47,98,23,23.47,11.52,87,39,44.83,10.22,71,54,76.06,8.34,521,308,59.12,61.22,0,0,0,0,5,1,20,0.59,46,25,54.35,5.41,0,0,0,0,270,115,42.59,31.73,49,6,12.24,5.76,23,8,34.78,2.7,25,15,60,2.94,151,75,49.67,17.74,0,0,0,0,1,0,0,0.12,15,8,53.33,1.76,0,0,0,0,581,340,58.52,68.27,49,17,34.69,5.76,64,31,48.44,7.52,46,39,84.78,5.41,370,233,62.97,43.48,0,0,0,0,4,0,0,0.47,31,17,54.84,3.64,0,0,0,0
CSP,Arizona,2017,258,207,80.23,5,1,20,1.94,71,51,71.83,27.52,60,53,88.33,23.26,102,87,85.29,39.53,0,0,0,0,2,0,0,0.78,14,12,85.71,5.43,0,0,0,0,52,33,63.46,20.16,2,0,0,0.78,16,9,56.25,6.2,14,11,78.57,5.43,19,12,63.16,7.36,0,0,0,0,0,0,0,0,1,0,0,0.39,0,0,0,0,206,174,84.47,79.84,3,0,0,1.16,55,42,76.36,21.32,46,42,91.3,17.83,83,75,90.36,32.17,0,0,0,0,2,0,0,0.78,13,12,92.31,5.04,0,0,0,0
CSP,Arizona,2018,621,418,67.31,19,9,47.37,3.06,183,96,52.46,29.47,106,89,83.96,17.07,259,194,74.9,41.71,1,0,0,0.16,6,1,16.67,0.97,28,23,82.14,4.51,0,0,0,0,164,108,65.85,26.41,9,7,77.78,1.45,57,26,45.61,9.18,24,18,75,3.86,60,46,76.67,9.66,1,0,0,0.16,1,0,0,0.16,9,9,100,1.45,0,0,0,0,457,310,67.83,73.59,10,2,20,1.61,126,70,55.56,20.29,82,71,86.59,13.2,199,148,74.37,32.05,0,0,0,0,5,1,20,0.81,19,14,73.68,3.06,0,0,0,0
CSP,Arizona,2019,907,715,78.83,25,13,52,2.76,256,182,71.09,28.22,169,145,85.8,18.63,386,315,81.61,42.56,2,0,0,0.22,4,0,0,0.44,47,42,89.36,5.18,0,0,0,0,258,202,78.29,28.45,10,6,60,1.1,74,51,68.92,8.16,60,52,86.67,6.62,90,72,80,9.92,0,0,0,0,1,0,0,0.11,19,17,89.47,2.09,0,0,0,0,649,513,79.04,71.55,15,7,46.67,1.65,182,131,71.98,20.07,109,93,85.32,12.02,296,243,82.09,32.64,2,0,0,0.22,3,0,0,0.33,28,25,89.29,3.09,0,0,0,0
CSP,Alaska,2017,42,33,78.57,0,0,0,0,3,0,0,7.14,0,0,0,0,29,23,79.31,69.05,0,0,0,0,1,0,0,2.38,5,4,80,11.9,0,0,0,0,12,7,58.33,28.57,0,0,0,0,0,0,0,0,0,0,0,0,9,6,66.67,21.43,0,0,0,0,1,0,0,2.38,2,0,0,4.76,0,0,0,0,30,26,86.67,71.43,0,0,0,0,3,0,0,7.14,0,0,0,0,20,17,85,47.62,0,0,0,0,0,0,0,0,3,0,0,7.14,0,0,0,0
CSP,Alaska,2018,88,54,61.36,1,0,0,1.14,12,7,58.33,13.64,6,3,50,6.82,51,31,60.78,57.95,0,0,0,0,3,0,0,3.41,13,10,76.92,14.77,0,0,0,0,19,12,63.16,21.59,0,0,0,0,4,0,0,4.55,2,0,0,2.27,9,6,66.67,10.23,0,0,0,0,2,0,0,2.27,2,0,0,2.27,0,0,0,0,69,42,60.87,78.41,1,0,0,1.14,8,4,50,9.09,4,0,0,4.55,42,25,59.52,47.73,0,0,0,0,1,0,0,1.14,11,9,81.82,12.5,0,0,0,0
CSP,Alaska,2019,55,36,65.45,0,0,0,0,2,0,0,3.64,8,1,12.5,14.55,36,28,77.78,65.45,0,0,0,0,3,0,0,5.45,6,5,83.33,10.91,0,0,0,0,14,7,50,25.45,0,0,0,0,1,0,0,1.82,5,0,0,9.09,7,6,85.71,12.73,0,0,0,0,1,0,0,1.82,0,0,0,0,0,0,0,0,41,29,70.73,74.55,0,0,0,0,1,0,0,1.82,3,0,0,5.45,29,22,75.86,52.73,0,0,0,0,2,0,0,3.64,6,5,83.33,10.91,0,0,0,0
CSP,Alabama,2017,1249,816,65.33,143,52,36.36,11.45,69,37,53.62,5.52,123,106,86.18,9.85,820,562,68.54,65.65,1,0,0,0.08,6,5,83.33,0.48,61,37,60.66,4.88,0,0,0,0,408,242,59.31,32.67,56,18,32.14,4.48,25,12,48,2,33,29,87.88,2.64,266,170,63.91,21.3,0,0,0,0,4,0,0,0.32,18,9,50,1.44,0,0,0,0,841,574,68.25,67.33,87,34,39.08,6.97,44,25,56.82,3.52,90,77,85.56,7.21,554,392,70.76,44.36,1,0,0,0.08,2,0,0,0.16,43,28,65.12,3.44,0,0,0,0
CSP,Alabama,2018,1607,911,56.69,216,81,37.5,13.44,97,44,45.36,6.04,114,94,82.46,7.09,1067,628,58.86,66.4,2,0,0,0.12,14,7,50,0.87,70,44,62.86,4.36,0,0,0,0,562,290,51.6,34.97,104,37,35.58,6.47,31,10,32.26,1.93,35,29,82.86,2.18,358,195,54.47,22.28,0,0,0,0,4,0,0,0.25,21,13,61.9,1.31,0,0,0,0,1045,621,59.43,65.03,112,44,39.29,6.97,66,34,51.52,4.11,79,65,82.28,4.92,709,433,61.07,44.12,2,0,0,0.12,10,5,50,0.62,49,31,63.27,3.05,0,0,0,0
CSP,Alabama,2019,1969,1064,54.04,264,69,26.14,13.41,135,53,39.26,6.86,136,103,75.74,6.91,1318,781,59.26,66.94,3,0,0,0.15,12,5,41.67,0.61,74,42,56.76,3.76,0,0,0,0,778,375,48.2,39.51,139,33,23.74,7.06,57,18,31.58,2.89,58,44,75.86,2.95,485,263,54.23,24.63,0,0,0,0,7,3,42.86,0.36,23,12,52.17,1.17,0,0,0,0,1191,689,57.85,60.49,125,36,28.8,6.35,78,35,44.87,3.96,78,59,75.64,3.96,833,518,62.18,42.31,3,0,0,0.15,5,2,40,0.25,51,30,58.82,2.59,0,0,0,0